authoring_id,scene_id,scene_name,primary_route_phase,first_read,body_route_duty,optional_reading,digital_state,physical_sensory_role,brand_state,exit_return_behavior,primary_asset_binding,near_read_support,current_state,open_hold
A01,SC-ATLAS,Selected Scene Atlas,M2_M6,"real journey + selected scene responsibility","show MOVE/DISCOVER/OBSERVE-RECOVER/DECIDE/WITHDRAW-RETURN without inventing route","none at first read","OFF","none","TRACE","enter scene sequence; no false five-stop route","QJ-A03_Key-Beat_Spatial-Sections_v0.1.svg / ROUTE-03 relation only","scene register itself","AUTHORING MAIN-SUPPORT","not final PAGE-ID; not georeferenced"
A02,SC-R01,R01 Cable Moving View,M2,"river + banks + mountains + cable movement","transport/safety and moving view first","optional S1 prompt only","OFF_TO_LIGHT","no new object","TRACE_TO_OFF","recognition only after moving view; Return always available","official/project-approved static source context","SEC_A_CABLE_RELATION.svg","KEEP / MOVING-STIMULUS HOLD","continuous real cabin POV / same-source moving A-B stimulus unavailable; field viewpoint open"
A03,SC-R05,R05 Discovery,M3_M4,"Honghua landscape / mountain relation","walking and observation first","LOOK/FRAME/COMPARE; optional reveal","LIGHT","NO DESIGN default","TRACE","continue without completion requirement","AUTHORITATIVE HONGHUA PIXEL REQUIRED","no technical hero","INTERACTION KEEP / MAIN PIXEL HOLD","authoritative landscape raw pixel not closed; no generic Qingjiang or AI substitution"
A04,SC-R06-LANDSCAPE,R06 Landscape First,M4,"river-valley-slope-peak forest + human scale","STOP/RECOVER/CHOOSE","none on first page","OFF_TO_LIGHT","P02 may appear only as body-recovery support relation; not located","TRACE_TO_OFF","continue or Return without reading","QJD_V11_03_R06_TWO_STAGE_1920x1080.png / current R06 landscape visual","human scale + P02 neutral relation only","FINISHED / FROZEN / MAIN-BOUND","exact geometry and P02 location field open"
A05,SC-R06-REVEAL,R06 Same-source Relation Reveal,M4,"same R06 view after first observation","body stable; route remains available","explicit-choice reveal -> compare again -> optional evidence","LIGHT_TO_FULL_ON_CHOICE","no new physical design","TRACE","withdraw overlay back to landscape","same authoritative base as A04","SEC_B_R06_VALLEY_PLATFORM.svg / C23-R06 support","FINISHED / FROZEN / MAIN-BOUND","NTS; not measured; no geological causation claim"
A06,SC-R06-AUDIENCE,R06 Body × Audience,M4,"same scene / same route truth","QUICK/FAMILY/DEEP/FATIGUED/LOW-DIGITAL modifiers change depth not route","depth varies by need","OFF_LIGHT_FULL_BY_NEED","P02 support relation can be tested; Fluid Rest/Qingfengyin remain competition/HOLD","TRACE_TO_OFF","fatigue/Return can override all optional content","same R06 landscape source","CH04 Audience v4 + CH13 original physical sources","KEEP / SCENE DEPTH PROOF","do not assign Fluid Rest/Qingfengyin location by illustration/model"
A07,SC-ROUTE-DECISION,Route Decision / Continue vs Return,M3_M6,"real route decision relation","ORIENT -> CONTINUE/RETURN -> CONFIRM -> MOVE","optional reading suppressed during decision","OFF_LIGHT_FULL_BUT_FUNCTION_MUST_SURVIVE","CH09 Route/Return physical touchpoint family only if minimum sufficient","LIGHT_TRACE_OFF; never owns direction/state","CLOSED/UNKNOWN fail-closed; paper/human fallback independent","ROUTE-03 LOCKED CURRENT / source-bound crop only","paper map + human help + App service comparison","NEW / DEVELOP","exact branch/node location and operations open; no invented coordinates"
A08,SC-R13-PASS,R13 Enter + Pass,M5,"natural constriction / body scale / light","BODY+ROUTE ON; movement and safety first","READ OFF / PLAY OFF","OFF_OR_RETURN_ONLY","NO NEW HERO / NO STOPPING DEVICE","OFF_TO_TRACE","pass through; no task; Return available","QJD_V11_04_R13_FOUR_FRAME_1920x1080.png","C04-MDL-SEC-C support only","KEEP_AFTER_REVISION / REMOTE CONCEPT","NOT SITE PHOTO; width/safety/accessibility/viewpoint open"
A09,SC-R13-EXIT,R13 Exit + Re-recognition,M5_M6,"reopened landscape + route/return relation","EXIT -> LOOK BACK -> RECOGNIZE -> CONTINUE/RETURN","no new deep read","LIGHT","no new physical object","TRACE","Route/Return regain authority; Memory begins but CH15/CH19 own record/take-away","R13 currentized visual + source relation","CAM_R13_C04-MDL-FIG-03 / SEC-C support only","KEEP_AFTER_REVISION / MAIN-SUPPORT CANDIDATE","exact view/access route/safety field open"
