authoring_id,primary_chapter,primary_role,source_version,source_file,mapping_action,protected_legacy_candidate,mapping_state,current_frontier_note,does_not_prove
CH00-P01,CH00,PROJECT_DEFINITION,v0.1,CH00_PROJECT-DEFINITION.md,MAP_TO_LEGACY,C04-WEB-P001,DIRECT_CANDIDATE,Hero / project first-read,NO FINAL PAGE COUNT / NO DESIGN PASS
CH00-P02,CH00,PROJECT_DEFINITION,v0.1,CH00_PROJECT-DEFINITION.md,EXPAND_FROM_LEGACY,,NO_PID_ASSIGNED / LEGACY_MATCH_REVIEW_REQUIRED,,NO FINAL PAGE COUNT / NO DESIGN PASS
CH01-P01,CH01,PROBLEM_OPPORTUNITY,v0.2,CH01_PROJECT-PROBLEM-OPPORTUNITY.md,EXPAND_FROM_LEGACY,,NO_PID_ASSIGNED / LEGACY_MATCH_REVIEW_REQUIRED,,NO FINAL PAGE COUNT / NO DESIGN PASS
CH01-P02,CH01,PROBLEM_OPPORTUNITY,v0.2,CH01_PROJECT-PROBLEM-OPPORTUNITY.md,EXPAND_FROM_LEGACY,,NO_PID_ASSIGNED / LEGACY_MATCH_REVIEW_REQUIRED,,NO FINAL PAGE COUNT / NO DESIGN PASS
CH01-P03,CH01,PROBLEM_OPPORTUNITY,v0.2,CH01_PROJECT-PROBLEM-OPPORTUNITY.md,EXPAND_FROM_LEGACY,,NO_PID_ASSIGNED / LEGACY_MATCH_REVIEW_REQUIRED,,NO FINAL PAGE COUNT / NO DESIGN PASS
CH01-P04,CH01,PROBLEM_OPPORTUNITY,v0.2,CH01_PROJECT-PROBLEM-OPPORTUNITY.md,EXPAND_FROM_LEGACY,,NO_PID_ASSIGNED / LEGACY_MATCH_REVIEW_REQUIRED,,NO FINAL PAGE COUNT / NO DESIGN PASS
CH01-P05,CH01,PROBLEM_OPPORTUNITY,v0.2,CH01_PROJECT-PROBLEM-OPPORTUNITY.md,EXPAND_FROM_LEGACY,,NO_PID_ASSIGNED / LEGACY_MATCH_REVIEW_REQUIRED,,NO FINAL PAGE COUNT / NO DESIGN PASS
CH02-P01,CH02,SITE_LANDSCAPE_EVIDENCE,v0.1,CH02_SITE-LANDSCAPE-ANALYSIS.md,EXPAND_FROM_LEGACY,,NO_PID_ASSIGNED / LEGACY_MATCH_REVIEW_REQUIRED,,NO FINAL PAGE COUNT / NO DESIGN PASS
CH02-P02,CH02,SITE_LANDSCAPE_EVIDENCE,v0.1,CH02_SITE-LANDSCAPE-ANALYSIS.md,EXPAND_FROM_LEGACY,,NO_PID_ASSIGNED / LEGACY_MATCH_REVIEW_REQUIRED,,NO FINAL PAGE COUNT / NO DESIGN PASS
CH02-P03,CH02,SITE_LANDSCAPE_EVIDENCE,v0.1,CH02_SITE-LANDSCAPE-ANALYSIS.md,EXPAND_FROM_LEGACY,,NO_PID_ASSIGNED / LEGACY_MATCH_REVIEW_REQUIRED,,NO FINAL PAGE COUNT / NO DESIGN PASS
CH02-P04,CH02,SITE_LANDSCAPE_EVIDENCE,v0.1,CH02_SITE-LANDSCAPE-ANALYSIS.md,EXPAND_FROM_LEGACY,,NO_PID_ASSIGNED / LEGACY_MATCH_REVIEW_REQUIRED,,NO FINAL PAGE COUNT / NO DESIGN PASS
CH02-P05,CH02,SITE_LANDSCAPE_EVIDENCE,v0.1,CH02_SITE-LANDSCAPE-ANALYSIS.md,EXPAND_FROM_LEGACY,,NO_PID_ASSIGNED / LEGACY_MATCH_REVIEW_REQUIRED,,NO FINAL PAGE COUNT / NO DESIGN PASS
CH03-P01,CH03,CULTURE_CONTENT_INPUT,v0.1,CH03_CULTURE-CONTENT-ANALYSIS.md,MAP_TO_LEGACY,C04-WEB-P002,DIRECT_CANDIDATE,Culture intro,NO FINAL PAGE COUNT / NO DESIGN PASS
CH03-P02,CH03,CULTURE_CONTENT_INPUT,v0.1,CH03_CULTURE-CONTENT-ANALYSIS.md,EXPAND_FROM_LEGACY,C04-WEB-P003,PROVISIONAL_BIND,Culture → action; CH08 cross-link,NO FINAL PAGE COUNT / NO DESIGN PASS
CH03-P03,CH03,CULTURE_CONTENT_INPUT,v0.1,CH03_CULTURE-CONTENT-ANALYSIS.md,EXPAND_FROM_LEGACY,C04-WEB-P004,PROVISIONAL_BIND,Place/content placement,NO FINAL PAGE COUNT / NO DESIGN PASS
CH03-P04,CH03,CULTURE_CONTENT_INPUT,v0.1,CH03_CULTURE-CONTENT-ANALYSIS.md,EXPAND_FROM_LEGACY,,NO_PID_ASSIGNED / LEGACY_MATCH_REVIEW_REQUIRED,,NO FINAL PAGE COUNT / NO DESIGN PASS
CH04-P01,CH04,AUDIENCE_USE_STATE,v0.1,CH04_AUDIENCE-USE-STATE-ANALYSIS.md,EXPAND_FROM_LEGACY,,NO_PID_ASSIGNED / LEGACY_MATCH_REVIEW_REQUIRED,,NO FINAL PAGE COUNT / NO DESIGN PASS
CH04-P02,CH04,AUDIENCE_USE_STATE,v0.1,CH04_AUDIENCE-USE-STATE-ANALYSIS.md,EXPAND_FROM_LEGACY,,NO_PID_ASSIGNED / LEGACY_MATCH_REVIEW_REQUIRED,,NO FINAL PAGE COUNT / NO DESIGN PASS
CH04-P03,CH04,AUDIENCE_USE_STATE,v0.1,CH04_AUDIENCE-USE-STATE-ANALYSIS.md,EXPAND_FROM_LEGACY,,NO_PID_ASSIGNED / LEGACY_MATCH_REVIEW_REQUIRED,,NO FINAL PAGE COUNT / NO DESIGN PASS
CH04-P04,CH04,AUDIENCE_USE_STATE,v0.1,CH04_AUDIENCE-USE-STATE-ANALYSIS.md,EXPAND_FROM_LEGACY,,NO_PID_ASSIGNED / LEGACY_MATCH_REVIEW_REQUIRED,,NO FINAL PAGE COUNT / NO DESIGN PASS
CH04-P05,CH04,AUDIENCE_USE_STATE,v0.1,CH04_AUDIENCE-USE-STATE-ANALYSIS.md,EXPAND_FROM_LEGACY,,NO_PID_ASSIGNED / LEGACY_MATCH_REVIEW_REQUIRED,,NO FINAL PAGE COUNT / NO DESIGN PASS
CH04-P06,CH04,AUDIENCE_USE_STATE,v0.1,CH04_AUDIENCE-USE-STATE-ANALYSIS.md,MAP_TO_LEGACY,C04-WEB-P024,DIRECT_CANDIDATE,Audience Depth,NO FINAL PAGE COUNT / NO DESIGN PASS
CH05-P01,CH05,JOURNEY_BEHAVIOR_ANALYSIS,v0.1,CH05_JOURNEY-BEHAVIOR-ANALYSIS.md,EXPAND_FROM_LEGACY,,NO_PID_ASSIGNED / LEGACY_MATCH_REVIEW_REQUIRED,,NO FINAL PAGE COUNT / NO DESIGN PASS
CH05-P02,CH05,JOURNEY_BEHAVIOR_ANALYSIS,v0.1,CH05_JOURNEY-BEHAVIOR-ANALYSIS.md,EXPAND_FROM_LEGACY,,NO_PID_ASSIGNED / LEGACY_MATCH_REVIEW_REQUIRED,,NO FINAL PAGE COUNT / NO DESIGN PASS
CH05-P03,CH05,JOURNEY_BEHAVIOR_ANALYSIS,v0.1,CH05_JOURNEY-BEHAVIOR-ANALYSIS.md,EXPAND_FROM_LEGACY,,NO_PID_ASSIGNED / LEGACY_MATCH_REVIEW_REQUIRED,,NO FINAL PAGE COUNT / NO DESIGN PASS
CH05-P04,CH05,JOURNEY_BEHAVIOR_ANALYSIS,v0.1,CH05_JOURNEY-BEHAVIOR-ANALYSIS.md,EXPAND_FROM_LEGACY,,NO_PID_ASSIGNED / LEGACY_MATCH_REVIEW_REQUIRED,,NO FINAL PAGE COUNT / NO DESIGN PASS
CH06-P01,CH06,DESIGN_PRINCIPLES,v0.1,CH06_DESIGN-PRINCIPLES.md,EXPAND_FROM_LEGACY,,NO_PID_ASSIGNED / LEGACY_MATCH_REVIEW_REQUIRED,,NO FINAL PAGE COUNT / NO DESIGN PASS
CH06-P02,CH06,DESIGN_PRINCIPLES,v0.1,CH06_DESIGN-PRINCIPLES.md,EXPAND_FROM_LEGACY,,NO_PID_ASSIGNED / LEGACY_MATCH_REVIEW_REQUIRED,,NO FINAL PAGE COUNT / NO DESIGN PASS
CH06-P03,CH06,DESIGN_PRINCIPLES,v0.1,CH06_DESIGN-PRINCIPLES.md,EXPAND_FROM_LEGACY,,NO_PID_ASSIGNED / LEGACY_MATCH_REVIEW_REQUIRED,,NO FINAL PAGE COUNT / NO DESIGN PASS
CH06-P04,CH06,DESIGN_PRINCIPLES,v0.1,CH06_DESIGN-PRINCIPLES.md,EXPAND_FROM_LEGACY,,NO_PID_ASSIGNED / LEGACY_MATCH_REVIEW_REQUIRED,,NO FINAL PAGE COUNT / NO DESIGN PASS
CH06-P05,CH06,DESIGN_PRINCIPLES,v0.1,CH06_DESIGN-PRINCIPLES.md,EXPAND_FROM_LEGACY,,NO_PID_ASSIGNED / LEGACY_MATCH_REVIEW_REQUIRED,,NO FINAL PAGE COUNT / NO DESIGN PASS
CH07-P01,CH07,DESIGN_METHODS,v0.1,CH07_DESIGN-METHODS.md,EXPAND_FROM_LEGACY,,NO_PID_ASSIGNED / LEGACY_MATCH_REVIEW_REQUIRED,,NO FINAL PAGE COUNT / NO DESIGN PASS
CH07-P02,CH07,DESIGN_METHODS,v0.1,CH07_DESIGN-METHODS.md,EXPAND_FROM_LEGACY,,NO_PID_ASSIGNED / LEGACY_MATCH_REVIEW_REQUIRED,,NO FINAL PAGE COUNT / NO DESIGN PASS
CH07-P03,CH07,DESIGN_METHODS,v0.1,CH07_DESIGN-METHODS.md,EXPAND_FROM_LEGACY,,NO_PID_ASSIGNED / LEGACY_MATCH_REVIEW_REQUIRED,,NO FINAL PAGE COUNT / NO DESIGN PASS
CH07-P04,CH07,DESIGN_METHODS,v0.1,CH07_DESIGN-METHODS.md,EXPAND_FROM_LEGACY,,NO_PID_ASSIGNED / LEGACY_MATCH_REVIEW_REQUIRED,,NO FINAL PAGE COUNT / NO DESIGN PASS
CH08-P01,CH08,MASTER_EXPERIENCE,v0.2,CH08_MASTER-STRATEGY-EXPERIENCE-SYSTEM.md,EXPAND_FROM_LEGACY,,NO_PID_ASSIGNED / LEGACY_MATCH_REVIEW_REQUIRED,base identity retained; current dedicated strategy frontier = CH08 v0.4,NO FINAL PAGE COUNT / NO DESIGN PASS
CH08-P02,CH08,MASTER_EXPERIENCE,v0.2,CH08_MASTER-STRATEGY-EXPERIENCE-SYSTEM.md,EXPAND_FROM_LEGACY,,NO_PID_ASSIGNED / LEGACY_MATCH_REVIEW_REQUIRED,base identity retained; current dedicated strategy frontier = CH08 v0.4,NO FINAL PAGE COUNT / NO DESIGN PASS
CH08-P03,CH08,MASTER_EXPERIENCE,v0.2,CH08_MASTER-STRATEGY-EXPERIENCE-SYSTEM.md,EXPAND_FROM_LEGACY,,NO_PID_ASSIGNED / LEGACY_MATCH_REVIEW_REQUIRED,base identity retained; current dedicated strategy frontier = CH08 v0.4,NO FINAL PAGE COUNT / NO DESIGN PASS
CH08-P04,CH08,MASTER_EXPERIENCE,v0.2,CH08_MASTER-STRATEGY-EXPERIENCE-SYSTEM.md,EXPAND_FROM_LEGACY,,NO_PID_ASSIGNED / LEGACY_MATCH_REVIEW_REQUIRED,base identity retained; current dedicated strategy frontier = CH08 v0.4,NO FINAL PAGE COUNT / NO DESIGN PASS
CH08-P05,CH08,MASTER_EXPERIENCE,v0.2,CH08_MASTER-STRATEGY-EXPERIENCE-SYSTEM.md,EXPAND_FROM_LEGACY,,NO_PID_ASSIGNED / LEGACY_MATCH_REVIEW_REQUIRED,base identity retained; current dedicated strategy frontier = CH08 v0.4,NO FINAL PAGE COUNT / NO DESIGN PASS
CH08-P06,CH08,MASTER_EXPERIENCE,v0.2,CH08_MASTER-STRATEGY-EXPERIENCE-SYSTEM.md,EXPAND_FROM_LEGACY,,NO_PID_ASSIGNED / LEGACY_MATCH_REVIEW_REQUIRED,base identity retained; current dedicated strategy frontier = CH08 v0.4,NO FINAL PAGE COUNT / NO DESIGN PASS
CH09-P01,CH09,ROUTE_MOBILITY_SERVICE_RETURN,v0.1,CH09_ROUTE-MOBILITY-SERVICE.md,MAP_TO_LEGACY,C04-WEB-P008,REWRITE_CURRENT_CONTENT,Legacy Journey Modes superseded; ROUTE-03 is current; ROUTE-03 locked current; RT-FAMILY develop; no second route geometry,NO FINAL PAGE COUNT / NO DESIGN PASS
CH09-P02,CH09,ROUTE_MOBILITY_SERVICE_RETURN,v0.1,CH09_ROUTE-MOBILITY-SERVICE.md,EXPAND_FROM_LEGACY,,NO_PID_ASSIGNED / LEGACY_MATCH_REVIEW_REQUIRED,ROUTE-03 locked current; RT-FAMILY develop; no second route geometry,NO FINAL PAGE COUNT / NO DESIGN PASS
CH09-P03,CH09,ROUTE_MOBILITY_SERVICE_RETURN,v0.1,CH09_ROUTE-MOBILITY-SERVICE.md,EXPAND_FROM_LEGACY,,NO_PID_ASSIGNED / LEGACY_MATCH_REVIEW_REQUIRED,ROUTE-03 locked current; RT-FAMILY develop; no second route geometry,NO FINAL PAGE COUNT / NO DESIGN PASS
CH09-P04,CH09,ROUTE_MOBILITY_SERVICE_RETURN,v0.1,CH09_ROUTE-MOBILITY-SERVICE.md,EXPAND_FROM_LEGACY,,NO_PID_ASSIGNED / LEGACY_MATCH_REVIEW_REQUIRED,ROUTE-03 locked current; RT-FAMILY develop; no second route geometry,NO FINAL PAGE COUNT / NO DESIGN PASS
CH09-P05,CH09,ROUTE_MOBILITY_SERVICE_RETURN,v0.1,CH09_ROUTE-MOBILITY-SERVICE.md,EXPAND_FROM_LEGACY,,NO_PID_ASSIGNED / LEGACY_MATCH_REVIEW_REQUIRED,ROUTE-03 locked current; RT-FAMILY develop; no second route geometry,NO FINAL PAGE COUNT / NO DESIGN PASS
CH10-P01,CH10,OPTIONAL_READING,v0.1,CH10_THIRTEEN-IMPRINTS-CONTENT-INTERACTION.md,EXPAND_FROM_LEGACY,,NO_PID_ASSIGNED / LEGACY_MATCH_REVIEW_REQUIRED,,NO FINAL PAGE COUNT / NO DESIGN PASS
CH10-P02,CH10,OPTIONAL_READING,v0.1,CH10_THIRTEEN-IMPRINTS-CONTENT-INTERACTION.md,EXPAND_FROM_LEGACY,,NO_PID_ASSIGNED / LEGACY_MATCH_REVIEW_REQUIRED,,NO FINAL PAGE COUNT / NO DESIGN PASS
CH10-P03,CH10,OPTIONAL_READING,v0.1,CH10_THIRTEEN-IMPRINTS-CONTENT-INTERACTION.md,EXPAND_FROM_LEGACY,,NO_PID_ASSIGNED / LEGACY_MATCH_REVIEW_REQUIRED,,NO FINAL PAGE COUNT / NO DESIGN PASS
CH10-P04,CH10,OPTIONAL_READING,v0.1,CH10_THIRTEEN-IMPRINTS-CONTENT-INTERACTION.md,EXPAND_FROM_LEGACY,,NO_PID_ASSIGNED / LEGACY_MATCH_REVIEW_REQUIRED,,NO FINAL PAGE COUNT / NO DESIGN PASS
CH10-P05,CH10,OPTIONAL_READING,v0.1,CH10_THIRTEEN-IMPRINTS-CONTENT-INTERACTION.md,EXPAND_FROM_LEGACY,,NO_PID_ASSIGNED / LEGACY_MATCH_REVIEW_REQUIRED,,NO FINAL PAGE COUNT / NO DESIGN PASS
CH11-P01,CH11,DIGITAL_COMPANION,v0.1,CH11_DIGITAL-COMPANION-SYSTEM.md,MAP_TO_LEGACY,C04-WEB-P011|C04-WEB-P022,ROLE_SPLIT_REVIEW,Two legacy App Intro identities require exact split; Digital owner; App candidate lineage consume without route authority,NO FINAL PAGE COUNT / NO DESIGN PASS
CH11-P02,CH11,DIGITAL_COMPANION,v0.1,CH11_DIGITAL-COMPANION-SYSTEM.md,EXPAND_FROM_LEGACY,,NO_PID_ASSIGNED / LEGACY_MATCH_REVIEW_REQUIRED,Digital owner; App candidate lineage consume without route authority,NO FINAL PAGE COUNT / NO DESIGN PASS
CH11-P03,CH11,DIGITAL_COMPANION,v0.1,CH11_DIGITAL-COMPANION-SYSTEM.md,EXPAND_FROM_LEGACY,,NO_PID_ASSIGNED / LEGACY_MATCH_REVIEW_REQUIRED,Digital owner; App candidate lineage consume without route authority,NO FINAL PAGE COUNT / NO DESIGN PASS
CH11-P04,CH11,DIGITAL_COMPANION,v0.1,CH11_DIGITAL-COMPANION-SYSTEM.md,EXPAND_FROM_LEGACY,,NO_PID_ASSIGNED / LEGACY_MATCH_REVIEW_REQUIRED,Digital owner; App candidate lineage consume without route authority,NO FINAL PAGE COUNT / NO DESIGN PASS
CH11-P05,CH11,DIGITAL_COMPANION,v0.1,CH11_DIGITAL-COMPANION-SYSTEM.md,EXPAND_FROM_LEGACY,,NO_PID_ASSIGNED / LEGACY_MATCH_REVIEW_REQUIRED,Digital owner; App candidate lineage consume without route authority,NO FINAL PAGE COUNT / NO DESIGN PASS
CH11-P06,CH11,DIGITAL_COMPANION,v0.1,CH11_DIGITAL-COMPANION-SYSTEM.md,EXPAND_FROM_LEGACY,,NO_PID_ASSIGNED / LEGACY_MATCH_REVIEW_REQUIRED,Digital owner; App candidate lineage consume without route authority,NO FINAL PAGE COUNT / NO DESIGN PASS
CH11-P07,CH11,DIGITAL_COMPANION,v0.1,CH11_DIGITAL-COMPANION-SYSTEM.md,EXPAND_FROM_LEGACY,,NO_PID_ASSIGNED / LEGACY_MATCH_REVIEW_REQUIRED,Digital owner; App candidate lineage consume without route authority,NO FINAL PAGE COUNT / NO DESIGN PASS
CH11-P08,CH11,DIGITAL_COMPANION,v0.1,CH11_DIGITAL-COMPANION-SYSTEM.md,EXPAND_FROM_LEGACY,C04-WEB-P026,PROVISIONAL_BIND,App demo / Return-service implementation; Digital owner; App candidate lineage consume without route authority,NO FINAL PAGE COUNT / NO DESIGN PASS
CH12-P01,CH12,KEY_SCENE_INTEGRATION,v0.1,CH12_KEY-SCENE-DESIGN.md,EXPAND_FROM_LEGACY,,NO_PID_ASSIGNED / LEGACY_MATCH_REVIEW_REQUIRED,base identity retained as provenance/input; current scene frontier = CH12 v0.4 A01–A09,NO FINAL PAGE COUNT / NO DESIGN PASS
CH12-P02,CH12,KEY_SCENE_INTEGRATION,v0.1,CH12_KEY-SCENE-DESIGN.md,EXPAND_FROM_LEGACY,,NO_PID_ASSIGNED / LEGACY_MATCH_REVIEW_REQUIRED,base identity retained as provenance/input; current scene frontier = CH12 v0.4 A01–A09,NO FINAL PAGE COUNT / NO DESIGN PASS
CH12-P03,CH12,KEY_SCENE_INTEGRATION,v0.1,CH12_KEY-SCENE-DESIGN.md,EXPAND_FROM_LEGACY,,NO_PID_ASSIGNED / LEGACY_MATCH_REVIEW_REQUIRED,base identity retained as provenance/input; current scene frontier = CH12 v0.4 A01–A09,NO FINAL PAGE COUNT / NO DESIGN PASS
CH12-P04,CH12,KEY_SCENE_INTEGRATION,v0.1,CH12_KEY-SCENE-DESIGN.md,EXPAND_FROM_LEGACY,,NO_PID_ASSIGNED / LEGACY_MATCH_REVIEW_REQUIRED,base identity retained as provenance/input; current scene frontier = CH12 v0.4 A01–A09,NO FINAL PAGE COUNT / NO DESIGN PASS
CH12-P05,CH12,KEY_SCENE_INTEGRATION,v0.1,CH12_KEY-SCENE-DESIGN.md,EXPAND_FROM_LEGACY,,NO_PID_ASSIGNED / LEGACY_MATCH_REVIEW_REQUIRED,base identity retained as provenance/input; current scene frontier = CH12 v0.4 A01–A09,NO FINAL PAGE COUNT / NO DESIGN PASS
CH12-P06,CH12,KEY_SCENE_INTEGRATION,v0.1,CH12_KEY-SCENE-DESIGN.md,EXPAND_FROM_LEGACY,,NO_PID_ASSIGNED / LEGACY_MATCH_REVIEW_REQUIRED,base identity retained as provenance/input; current scene frontier = CH12 v0.4 A01–A09,NO FINAL PAGE COUNT / NO DESIGN PASS
CH12-P07,CH12,KEY_SCENE_INTEGRATION,v0.1,CH12_KEY-SCENE-DESIGN.md,EXPAND_FROM_LEGACY,,NO_PID_ASSIGNED / LEGACY_MATCH_REVIEW_REQUIRED,base identity retained as provenance/input; current scene frontier = CH12 v0.4 A01–A09,NO FINAL PAGE COUNT / NO DESIGN PASS
CH13-P01,CH13,PHYSICAL_BODY_SENSORY,v0.1,CH13_PHYSICAL-BODY-SENSORY.md,EXPAND_FROM_LEGACY,,NO_PID_ASSIGNED / LEGACY_MATCH_REVIEW_REQUIRED,Physical owner; no fifth Physical family,NO FINAL PAGE COUNT / NO DESIGN PASS
CH13-P02,CH13,PHYSICAL_BODY_SENSORY,v0.1,CH13_PHYSICAL-BODY-SENSORY.md,EXPAND_FROM_LEGACY,,NO_PID_ASSIGNED / LEGACY_MATCH_REVIEW_REQUIRED,Physical owner; no fifth Physical family,NO FINAL PAGE COUNT / NO DESIGN PASS
CH13-P03,CH13,PHYSICAL_BODY_SENSORY,v0.1,CH13_PHYSICAL-BODY-SENSORY.md,EXPAND_FROM_LEGACY,,NO_PID_ASSIGNED / LEGACY_MATCH_REVIEW_REQUIRED,Physical owner; no fifth Physical family,NO FINAL PAGE COUNT / NO DESIGN PASS
CH13-P04,CH13,PHYSICAL_BODY_SENSORY,v0.1,CH13_PHYSICAL-BODY-SENSORY.md,EXPAND_FROM_LEGACY,,NO_PID_ASSIGNED / LEGACY_MATCH_REVIEW_REQUIRED,Physical owner; no fifth Physical family,NO FINAL PAGE COUNT / NO DESIGN PASS
CH13-P05,CH13,PHYSICAL_BODY_SENSORY,v0.1,CH13_PHYSICAL-BODY-SENSORY.md,EXPAND_FROM_LEGACY,,NO_PID_ASSIGNED / LEGACY_MATCH_REVIEW_REQUIRED,Physical owner; no fifth Physical family,NO FINAL PAGE COUNT / NO DESIGN PASS
CH13-P06,CH13,PHYSICAL_BODY_SENSORY,v0.1,CH13_PHYSICAL-BODY-SENSORY.md,EXPAND_FROM_LEGACY,,NO_PID_ASSIGNED / LEGACY_MATCH_REVIEW_REQUIRED,Physical owner; no fifth Physical family,NO FINAL PAGE COUNT / NO DESIGN PASS
CH13-P07,CH13,PHYSICAL_BODY_SENSORY,v0.1,CH13_PHYSICAL-BODY-SENSORY.md,EXPAND_FROM_LEGACY,,NO_PID_ASSIGNED / LEGACY_MATCH_REVIEW_REQUIRED,Physical owner; no fifth Physical family,NO FINAL PAGE COUNT / NO DESIGN PASS
CH14-P01,CH14,BRAND_VISUAL_IDENTITY,v0.1,CH14_BRAND-VISUAL-IDENTITY.md,NEW_CANDIDATE,,NO_N_ID_ASSIGNED,Brand is independent post-baseline system; do not auto-allocate N-series; Brand grammar owner; route/safety/operational-state firewall,NO FINAL PAGE COUNT / NO DESIGN PASS
CH14-P02,CH14,BRAND_VISUAL_IDENTITY,v0.1,CH14_BRAND-VISUAL-IDENTITY.md,NEW_CANDIDATE,,NO_N_ID_ASSIGNED,Brand is independent post-baseline system; do not auto-allocate N-series; Brand grammar owner; route/safety/operational-state firewall,NO FINAL PAGE COUNT / NO DESIGN PASS
CH14-P03,CH14,BRAND_VISUAL_IDENTITY,v0.1,CH14_BRAND-VISUAL-IDENTITY.md,NEW_CANDIDATE,,NO_N_ID_ASSIGNED,Brand is independent post-baseline system; do not auto-allocate N-series; Brand grammar owner; route/safety/operational-state firewall,NO FINAL PAGE COUNT / NO DESIGN PASS
CH14-P04,CH14,BRAND_VISUAL_IDENTITY,v0.1,CH14_BRAND-VISUAL-IDENTITY.md,NEW_CANDIDATE,,NO_N_ID_ASSIGNED,Brand is independent post-baseline system; do not auto-allocate N-series; Brand grammar owner; route/safety/operational-state firewall,NO FINAL PAGE COUNT / NO DESIGN PASS
CH14-P05,CH14,BRAND_VISUAL_IDENTITY,v0.1,CH14_BRAND-VISUAL-IDENTITY.md,NEW_CANDIDATE,,NO_N_ID_ASSIGNED,Brand is independent post-baseline system; do not auto-allocate N-series; Brand grammar owner; route/safety/operational-state firewall,NO FINAL PAGE COUNT / NO DESIGN PASS
CH14-P06,CH14,BRAND_VISUAL_IDENTITY,v0.1,CH14_BRAND-VISUAL-IDENTITY.md,NEW_CANDIDATE,,NO_N_ID_ASSIGNED,Brand is independent post-baseline system; do not auto-allocate N-series; Brand grammar owner; route/safety/operational-state firewall,NO FINAL PAGE COUNT / NO DESIGN PASS
CH14-P07,CH14,BRAND_VISUAL_IDENTITY,v0.1,CH14_BRAND-VISUAL-IDENTITY.md,NEW_CANDIDATE,,NO_N_ID_ASSIGNED,Brand is independent post-baseline system; do not auto-allocate N-series; Brand grammar owner; route/safety/operational-state firewall,NO FINAL PAGE COUNT / NO DESIGN PASS
CH14-P08,CH14,BRAND_VISUAL_IDENTITY,v0.1,CH14_BRAND-VISUAL-IDENTITY.md,NEW_CANDIDATE,,NO_N_ID_ASSIGNED,Brand is independent post-baseline system; do not auto-allocate N-series; Brand grammar owner; route/safety/operational-state firewall,NO FINAL PAGE COUNT / NO DESIGN PASS
CH15-P01,CH15,MEMORY_IP_PRODUCT,v0.2,CH15_MEMORY-IP-CULTURAL-PRODUCT.md,EXPAND_FROM_LEGACY,,NO_PID_ASSIGNED / LEGACY_MATCH_REVIEW_REQUIRED,Memory owner; PARTIAL IS COMPLETE,NO FINAL PAGE COUNT / NO DESIGN PASS
CH15-P02,CH15,MEMORY_IP_PRODUCT,v0.2,CH15_MEMORY-IP-CULTURAL-PRODUCT.md,MAP_TO_LEGACY,C04-WEB-P029,DIRECT_CANDIDATE,Qingjiang Journal; Memory owner; PARTIAL IS COMPLETE,NO FINAL PAGE COUNT / NO DESIGN PASS
CH15-P03,CH15,MEMORY_IP_PRODUCT,v0.2,CH15_MEMORY-IP-CULTURAL-PRODUCT.md,MAP_TO_LEGACY,C04-WEB-P041,DIRECT_CANDIDATE,My Book memory model; CH11 owns UI implementation; Memory owner; PARTIAL IS COMPLETE,NO FINAL PAGE COUNT / NO DESIGN PASS
CH15-P04,CH15,MEMORY_IP_PRODUCT,v0.2,CH15_MEMORY-IP-CULTURAL-PRODUCT.md,EXPAND_FROM_LEGACY,C04-WEB-P030,PROVISIONAL_BIND,Paper × digital complement; Memory owner; PARTIAL IS COMPLETE,NO FINAL PAGE COUNT / NO DESIGN PASS
CH15-P05,CH15,MEMORY_IP_PRODUCT,v0.2,CH15_MEMORY-IP-CULTURAL-PRODUCT.md,EXPAND_FROM_LEGACY,C04-WEB-P031|C04-WEB-P042,ROLE_SPLIT_REVIEW,Memory extension family; exact object split required; Memory owner; PARTIAL IS COMPLETE,NO FINAL PAGE COUNT / NO DESIGN PASS
CH15-P06,CH15,MEMORY_IP_PRODUCT,v0.2,CH15_MEMORY-IP-CULTURAL-PRODUCT.md,EXPAND_FROM_LEGACY,,NO_PID_ASSIGNED / LEGACY_MATCH_REVIEW_REQUIRED,Memory owner; PARTIAL IS COMPLETE,NO FINAL PAGE COUNT / NO DESIGN PASS
CH16-P01,CH16,DETAIL_DEVELOPMENT,v0.2,CH16_DESIGN-DETAIL-DEVELOPMENT.md,EXPAND_FROM_LEGACY,,NO_PID_ASSIGNED / LEGACY_MATCH_REVIEW_REQUIRED,,NO FINAL PAGE COUNT / NO DESIGN PASS
CH16-P02,CH16,DETAIL_DEVELOPMENT,v0.2,CH16_DESIGN-DETAIL-DEVELOPMENT.md,EXPAND_FROM_LEGACY,,NO_PID_ASSIGNED / LEGACY_MATCH_REVIEW_REQUIRED,,NO FINAL PAGE COUNT / NO DESIGN PASS
CH16-P03,CH16,DETAIL_DEVELOPMENT,v0.2,CH16_DESIGN-DETAIL-DEVELOPMENT.md,EXPAND_FROM_LEGACY,,NO_PID_ASSIGNED / LEGACY_MATCH_REVIEW_REQUIRED,,NO FINAL PAGE COUNT / NO DESIGN PASS
CH16-P04,CH16,DETAIL_DEVELOPMENT,v0.2,CH16_DESIGN-DETAIL-DEVELOPMENT.md,EXPAND_FROM_LEGACY,,NO_PID_ASSIGNED / LEGACY_MATCH_REVIEW_REQUIRED,,NO FINAL PAGE COUNT / NO DESIGN PASS
CH16-P05,CH16,DETAIL_DEVELOPMENT,v0.2,CH16_DESIGN-DETAIL-DEVELOPMENT.md,EXPAND_FROM_LEGACY,,NO_PID_ASSIGNED / LEGACY_MATCH_REVIEW_REQUIRED,,NO FINAL PAGE COUNT / NO DESIGN PASS
CH16-P06,CH16,DETAIL_DEVELOPMENT,v0.2,CH16_DESIGN-DETAIL-DEVELOPMENT.md,EXPAND_FROM_LEGACY,,NO_PID_ASSIGNED / LEGACY_MATCH_REVIEW_REQUIRED,,NO FINAL PAGE COUNT / NO DESIGN PASS
CH16-P07,CH16,DETAIL_DEVELOPMENT,v0.2,CH16_DESIGN-DETAIL-DEVELOPMENT.md,EXPAND_FROM_LEGACY,,NO_PID_ASSIGNED / LEGACY_MATCH_REVIEW_REQUIRED,,NO FINAL PAGE COUNT / NO DESIGN PASS
CH17-P01,CH17,TECHNICAL_MODEL_PROOF,v0.2,CH17_TECHNICAL-MODEL-ENGINEERING-PROOF.md,MAP_TO_LEGACY,C04-WEB-P043,DIRECT_CANDIDATE,Technical Proof intro; Proof only; technical/model proof does not own design source,NO FINAL PAGE COUNT / NO DESIGN PASS
CH17-P02,CH17,TECHNICAL_MODEL_PROOF,v0.2,CH17_TECHNICAL-MODEL-ENGINEERING-PROOF.md,EXPAND_FROM_LEGACY,,NO_PID_ASSIGNED / LEGACY_MATCH_REVIEW_REQUIRED,Proof only; technical/model proof does not own design source,NO FINAL PAGE COUNT / NO DESIGN PASS
CH17-P03,CH17,TECHNICAL_MODEL_PROOF,v0.2,CH17_TECHNICAL-MODEL-ENGINEERING-PROOF.md,EXPAND_FROM_LEGACY,C04-WEB-P035,PROVISIONAL_BIND,SEC-A / cable proof; legacy label R01 General Assembly; Proof only; technical/model proof does not own design source,NO FINAL PAGE COUNT / NO DESIGN PASS
CH17-P04,CH17,TECHNICAL_MODEL_PROOF,v0.2,CH17_TECHNICAL-MODEL-ENGINEERING-PROOF.md,MAP_TO_LEGACY,C04-WEB-P033|C04-WEB-P036,NO_COMPRESSION_TWO_SURFACES,General Assembly + Detail Atlas remain independent; Proof only; technical/model proof does not own design source,NO FINAL PAGE COUNT / NO DESIGN PASS
CH17-P05,CH17,TECHNICAL_MODEL_PROOF,v0.2,CH17_TECHNICAL-MODEL-ENGINEERING-PROOF.md,EXPAND_FROM_LEGACY,C04-WEB-P044|C04-WEB-P045,OWNER_REVIEW_REQUIRED,Cross-media invariants + scene/technical references; Proof only; technical/model proof does not own design source,NO FINAL PAGE COUNT / NO DESIGN PASS
CH17-P06,CH17,TECHNICAL_MODEL_PROOF,v0.2,CH17_TECHNICAL-MODEL-ENGINEERING-PROOF.md,EXPAND_FROM_LEGACY,,NO_PID_ASSIGNED / LEGACY_MATCH_REVIEW_REQUIRED,Proof only; technical/model proof does not own design source,NO FINAL PAGE COUNT / NO DESIGN PASS
CH18-P01,CH18,EVOLUTION_JUDGMENT,v0.2,CH18_EVOLUTION-PROFESSIONAL-JUDGMENT.md,EXPAND_FROM_LEGACY,,NO_PID_ASSIGNED / LEGACY_MATCH_REVIEW_REQUIRED,,NO FINAL PAGE COUNT / NO DESIGN PASS
CH18-P02,CH18,EVOLUTION_JUDGMENT,v0.2,CH18_EVOLUTION-PROFESSIONAL-JUDGMENT.md,EXPAND_FROM_LEGACY,,NO_PID_ASSIGNED / LEGACY_MATCH_REVIEW_REQUIRED,,NO FINAL PAGE COUNT / NO DESIGN PASS
CH18-P03,CH18,EVOLUTION_JUDGMENT,v0.2,CH18_EVOLUTION-PROFESSIONAL-JUDGMENT.md,EXPAND_FROM_LEGACY,,NO_PID_ASSIGNED / LEGACY_MATCH_REVIEW_REQUIRED,,NO FINAL PAGE COUNT / NO DESIGN PASS
CH18-P04,CH18,EVOLUTION_JUDGMENT,v0.2,CH18_EVOLUTION-PROFESSIONAL-JUDGMENT.md,EXPAND_FROM_LEGACY,,NO_PID_ASSIGNED / LEGACY_MATCH_REVIEW_REQUIRED,,NO FINAL PAGE COUNT / NO DESIGN PASS
CH18-P05,CH18,EVOLUTION_JUDGMENT,v0.2,CH18_EVOLUTION-PROFESSIONAL-JUDGMENT.md,EXPAND_FROM_LEGACY,,NO_PID_ASSIGNED / LEGACY_MATCH_REVIEW_REQUIRED,,NO FINAL PAGE COUNT / NO DESIGN PASS
CH18-P06,CH18,EVOLUTION_JUDGMENT,v0.2,CH18_EVOLUTION-PROFESSIONAL-JUDGMENT.md,EXPAND_FROM_LEGACY,,NO_PID_ASSIGNED / LEGACY_MATCH_REVIEW_REQUIRED,,NO FINAL PAGE COUNT / NO DESIGN PASS
CH19-P01,CH19,RETURN_CLOSURE,v0.2,CH19_OPEN-ITEMS-RETURN-CLOSURE.md,EXPAND_FROM_LEGACY,,NO_PID_ASSIGNED / LEGACY_MATCH_REVIEW_REQUIRED,,NO FINAL PAGE COUNT / NO DESIGN PASS
CH19-P02,CH19,RETURN_CLOSURE,v0.2,CH19_OPEN-ITEMS-RETURN-CLOSURE.md,EXPAND_FROM_LEGACY,,NO_PID_ASSIGNED / LEGACY_MATCH_REVIEW_REQUIRED,,NO FINAL PAGE COUNT / NO DESIGN PASS
CH19-P03,CH19,RETURN_CLOSURE,v0.2,CH19_OPEN-ITEMS-RETURN-CLOSURE.md,EXPAND_FROM_LEGACY,C04-WEB-P006,LOW_CONFIDENCE,Return closure candidate; legacy RICH label unresolved,NO FINAL PAGE COUNT / NO DESIGN PASS
CH19-P04,CH19,RETURN_CLOSURE,v0.2,CH19_OPEN-ITEMS-RETURN-CLOSURE.md,EXPAND_FROM_LEGACY,,NO_PID_ASSIGNED / LEGACY_MATCH_REVIEW_REQUIRED,,NO FINAL PAGE COUNT / NO DESIGN PASS
CH19-P05,CH19,RETURN_CLOSURE,v0.2,CH19_OPEN-ITEMS-RETURN-CLOSURE.md,EXPAND_FROM_LEGACY,,NO_PID_ASSIGNED / LEGACY_MATCH_REVIEW_REQUIRED,,NO FINAL PAGE COUNT / NO DESIGN PASS
