branch,sha,committed_at,subject,classification,protected_reason
agent/2026-08-25-cn-trans-e2-sync,eee275e177e6dbdb6be20069d70f6aa328904526,2026-08-25 22:07:41 +0800,governance: sync KN-DESIGN-CN-TRANS-001 evidence state to E2,SAFE_DELETE_MERGED_REF,
agent/2026-08-26-apoc-omg-namespace-sync,ce6ecf426f3f6afc9cf15e6cdb3568504e64718c,2026-08-26 03:02:15 +0800,governance: sync A-POC method namespace to OMG,SAFE_DELETE_MERGED_REF,
agent/2026-08-26-autoprogettazione-e2-sync,60a2949fbe74e4a7f0888ffbd16e46dd4ca1dc0b,2026-08-26 04:01:04 +0800,governance: sync Autoprogettazione evidence metadata,SAFE_DELETE_MERGED_REF,
agent/2026-08-26-exploration-motion-review-boundary,6809c14477bb6d317947408b99940cf5373019f5,2026-08-26 21:06:44 +0800,governance: separate exploration training readback from independent review,SAFE_DELETE_MERGED_REF,
agent/2026-08-26-long-life-change-e2-sync,c32aa0a5f8ce1490eb639ca121178d754e34ee26,2026-08-26 00:04:52 +0800,governance: sync MTH-DESIGN-LONG-LIFE-CHANGE-001 evidence state to E2,SAFE_DELETE_MERGED_REF,
agent/2026-08-26-metabolism-governance-sync,0381d17ebc1c3c1c23c77408f5e5409ea1ec6d73,2026-08-26 02:03:30 +0800,governance: align Metabolism mirror with current lifecycle evidence,SAFE_DELETE_MERGED_REF,
agent/2026-08-26-mot02-review-boundary,603fa49bb88853a656e995a6f3947c2cd2f906b1,2026-08-26 19:02:40 +0800,governance: separate MOT-02 execution check from design review,SAFE_DELETE_MERGED_REF,
agent/2026-08-26-participatory-design-sync,2fb912e637937a970afe0e248eaf752ef595f254,2026-08-26 05:04:50 +0800,governance: sync participatory design current theory,SAFE_DELETE_MERGED_REF,
agent/2026-08-27-design-environment-production-contract,700e0cda4f8e5122b3b994e33038ca819142686f,2026-08-27 13:23:35 +0800,Governance: bind Current design production contract to universal environment,SAFE_DELETE_MERGED_REF,
agent/2026-08-27-existing-first-policy,a472fd2c9f7c88bc6c1bf297dc7b62c894074e12,2026-08-27 23:31:45 +0800,Skills: add machine-readable existing-first policy,SAFE_DELETE_MERGED_REF,
agent/2026-08-27-existing-first-policy-check,a472fd2c9f7c88bc6c1bf297dc7b62c894074e12,2026-08-27 23:31:45 +0800,Skills: add machine-readable existing-first policy,SAFE_DELETE_MERGED_REF,
agent/2026-08-27-human-professional-voice,754c898e56f33e96f4a4a10a7312cd3fcd7d77d4,2026-08-27 23:39:44 +0800,Skills: bind human professional voice constraint,SAFE_DELETE_MERGED_REF,
agent/2026-08-27-pro-design-toolchain-runtime,f708fa146aec5dc8125b0ae8553ba9e94ece8b93,2026-08-27 15:47:35 +0800,Runtime: prevent validation from implying automatic Active promotion,SAFE_DELETE_MERGED_REF,
agent/2026-08-27-skill-framework-11-core,fb928afeab9013d6cd789b6373097c2d0361c87c,2026-08-27 23:06:15 +0800,skills: remove unrelated Baojiajie SVG from framework PR,SAFE_DELETE_MERGED_REF,
agent/2026-08-27-ui-figma-explicit-only,6f2b26e2d1e4977252208a2a52f8abd4c5a7be11,2026-08-27 13:51:12 +0800,CI: validate explicit-only Figma routing invariant,SAFE_DELETE_MERGED_REF,
agent/2026-08-28-training-mode-refinement,c2598059e513d8f6b6614d1a02b888463eb1c22b,2026-08-28 08:31:46 +0800,Governance: separate bounded training from project queue,SAFE_DELETE_MERGED_REF,
agent/2026-08-28-work-coordination-state-readback,e82031d0c8949b91822934e1dd13bee50acd939b,2026-08-28 00:37:33 +0800,Governance: mark work coordination contract Current Active after readback,SAFE_DELETE_MERGED_REF,
agent/2026-08-28-work-object-coordination,4b5feb7c2de9cd9c231043bd9636b71724bba94c,2026-08-28 00:30:46 +0800,Governance: add project control card template,SAFE_DELETE_MERGED_REF,
agent/2026-08-29-design-process-owner-map-sync,75ebf002e4465ce9f6a8bec4027c849cf60cec94,2026-08-29 20:08:13 +0800,GOVERNANCE: sync installed design-process owner map,SAFE_DELETE_MERGED_REF,
agent/add-reno-cmf,5b7e52d90a90e6f389dc6d60189c2e2758c519e4,2026-07-25 09:45:07 +0800,Add Reno CMF case study and portrait,SAFE_DELETE_MERGED_REF,
agent/automotive-proportion-section-v0-11,1d5e3da965aa7e5e75d8c6cd523ea6f301798200,2026-08-13 09:26:56 +0800,Automotive v0.11: approve formal promote review,SAFE_DELETE_MERGED_REF,
agent/banana-vision-reference-verification,90a46a7c8acfaf6a071d62f51c5b75e6d53b87cd,2026-08-07 17:21:42 +0800,Draft Banana Vision Studio reference pending source verification,SAFE_DELETE_MERGED_REF,
agent/banana-vision-reference-verification-backup,90a46a7c8acfaf6a071d62f51c5b75e6d53b87cd,2026-08-07 17:21:42 +0800,Draft Banana Vision Studio reference pending source verification,SAFE_DELETE_MERGED_REF,
agent/banana-vision-reference-verification-final,90a46a7c8acfaf6a071d62f51c5b75e6d53b87cd,2026-08-07 17:21:42 +0800,Draft Banana Vision Studio reference pending source verification,SAFE_DELETE_MERGED_REF,
agent/banana-vision-reference-verification-keep,90a46a7c8acfaf6a071d62f51c5b75e6d53b87cd,2026-08-07 17:21:42 +0800,Draft Banana Vision Studio reference pending source verification,SAFE_DELETE_MERGED_REF,
agent/blender-surface-system-v1-16-0,6aa980f9ae2b7138ebe9129e3e078e99d6a6ee7d,2026-08-11 16:05:43 +0800,Pin Blender Surface System workflow action refs,SAFE_DELETE_MERGED_REF,
agent/blender-surface-system-v1-17-0,de6aa5e6337f8a883c22865036c1f5a22118eb72,2026-08-11 19:45:20 +0800,docs(blender): record v1.17 catalog debug and evidence calls,SAFE_DELETE_MERGED_REF,
agent/blender-surface-system-v1-18-0,af71e8766972d40214fa9a9027ce48242015d249,2026-08-11 22:37:11 +0800,Retrigger canonical v1.18.0 governance gate after branch cleanup,SAFE_DELETE_MERGED_REF,
agent/blender-surface-system-v1-19-0,1ca9c3e45ef2dc5b4edf918cfd34e2e583244bdb,2026-08-11 23:27:37 +0800,Rebase v1.19 designer estimate gate after SP01 mainline merge,SAFE_DELETE_MERGED_REF,
agent/c04-c22-v4-8-image-rebind-20260819,41d3fe5e3081a2e89a86816ae74e04f91cf08629,2026-08-20 00:22:14 +0800,C04 C22 v4.8: add human-readable image rebind receipt,SAFE_DELETE_MERGED_REF,
agent/c04-ch02-web-008-012-v1-20260819,97f7eaf30c04b4cedfb80f8c95a4d2eaf2beb0b5,2026-08-19 17:21:11 +0800,Merge PR #322: close image consumption governance receipt,SAFE_DELETE_MERGED_REF,
agent/c04-ch13-page-decisions-current-v0-2,2c880a4fdc383b3f8e58ba80f22d44ad2b74bcc6,2026-08-19 22:33:48 +0800,C04 CH13: point Current production map to v0.2,SAFE_DELETE_MERGED_REF,
agent/c04-ch13-page-decisions-v0-2,9eac5a01b05a69b480e0c588f3b6e0bb7a9077d0,2026-08-19 22:32:08 +0800,C04 CH13: add machine-readable page decisions v0.2,SAFE_DELETE_MERGED_REF,
agent/c04-ch13-visual-map-closure-v0-1,bc94a7d8017a41431112ebb496333233c22162ca,2026-08-19 22:22:20 +0800,C04 CH13: mark visual production map Current in JSON,SAFE_DELETE_MERGED_REF,
agent/c04-ch13-visual-map-receipt-v0-1,08048ca4a1f3319d4d376aa00fd2a8389ebddf0c,2026-08-19 22:24:55 +0800,C04 CH13: persist closed visual production-map execution receipt,SAFE_DELETE_MERGED_REF,
agent/c04-ch13-visual-production-map-v0-1,28726c004bb4d38a615217a3fec18b80ddefbc00,2026-08-19 22:17:43 +0800,C04 CH13: add machine-readable visual production map v0.1,SAFE_DELETE_MERGED_REF,
agent/c04-ch16-p01-image-reservation-v0-1,4cd997bef976d65ce7b75dd2964c3420e5b5bd76,2026-08-20 00:24:01 +0800,C04 C22 v4.8: rebind unique water-ink source,SAFE_DELETE_MERGED_REF,
agent/c04-ch16-p01-v3-1-public-pixel-correction,20beb6eca0968ef30e343ffa207b2f697fba42f6,2026-08-19 13:58:46 +0800,C04 CH16-P01 v3.1: correct v3.0 review scope,SAFE_DELETE_MERGED_REF,
agent/c04-ch16-p01-v3-2-replan-no-odb02,6f3c6f3d838acc574b37d0336266acdb3fc44d50,2026-08-19 16:33:56 +0800,Add single current pointer for CH16 P01 v3.2,SAFE_DELETE_MERGED_REF,
agent/c04-ch16-p01-v3-3-resource-led-interactive,10fb19da90aebe16e4ad748c6aacd64e9c8734b3,2026-08-19 16:51:49 +0800,c04 ch16 p01 v3.3: bind runtime readback state,SAFE_DELETE_MERGED_REF,
agent/c04-f-integration-loop-v2,b6a22789e57e2db2190bd78de6edda8aa7678e9d,2026-08-14 23:16:28 +0800,C04 F: refresh runtime state from C19 and B/D/E receipts,SAFE_DELETE_MERGED_REF,
agent/c04-gis-data-frontier-v0-7-1-20260818,d5efca89160965c5727a632ddea27b70a0da206d,2026-08-18 15:39:13 +0800,C04 GIS v0.7.1: bind independent review handoff,SAFE_DELETE_MERGED_REF,
agent/c04-gis-skill-v0-7-20260818,2f7fb98ac70db781a1a58b59238baa2eece173b2,2026-08-18 15:13:08 +0800,C04 GIS v0.7: add independent review request,SAFE_DELETE_MERGED_REF,
agent/c04-gis-v0-2-1-review-request-20260818,4ca26f68668ed5fb1e9fb6159b35054728f348e8,2026-08-18 13:24:56 +0800,C04 GIS v0.2：真实地形派生与运营冲突证据包,SAFE_DELETE_MERGED_REF,
agent/c04-gis-v0-2-1-review-request-20260818b,7eb10cce5c5df6066f3a5cab1a18c78d313d109f,2026-08-18 13:44:12 +0800,C04 GIS v0.2.1：记录Drive独立取回与哈希,SAFE_DELETE_MERGED_REF,
agent/c04-gis-v0-7-2-stable-ids-20260818,a276d964feb964f91b46c4b388af6f00ab88e4e9,2026-08-18 15:48:07 +0800,C04 GIS v0.7.2: record source delta,SAFE_DELETE_MERGED_REF,
agent/c04-j02-presentation-grammar-repair-20260906,ef9a56c9965e917cb5283abba4d8393c712ad2d9,2026-09-06 21:26:55 +0800,C04 J02: currentize boat carrier for low-attention visitor use,SAFE_DELETE_MERGED_REF,
agent/c04-j02-presentation-repair-20260906,3f7373f0f1fe9d853ca83657c24c38d0a74ff39a,2026-09-06 18:29:06 +0800,C04 DESIGN: materialize J02 boat water-scale experience carrier,SAFE_DELETE_MERGED_REF,
agent/c04-j04-presentation-decision-panel-r01,3ff9b30f3711db47a714720c3e89fdd97bddb265,2026-09-07 04:29:15 +0800,design(c04): repair J04 topology and decision-point read,SAFE_DELETE_MERGED_REF,
agent/c04-p02-presentation-body-contact-r01-20260907,3ff9b30f3711db47a714720c3e89fdd97bddb265,2026-09-07 04:29:15 +0800,design(c04): repair J04 topology and decision-point read,SAFE_DELETE_MERGED_REF,
agent/c04-p02-presentation-contact-read-20260907,7393b01c2c743255261d2cf04bd8b49fc72c2049,2026-09-07 00:37:00 +0800,governance: restore design-process capability aggregate parity,SAFE_DELETE_MERGED_REF,
agent/c04-presentation-m01-artifact-reframe-20260905,3794d3eacf52392611bdb98a4df6f31aa189c8a0,2026-09-05 09:42:21 +0800,fix governance: validate whole-project aggregate queue slots,SAFE_DELETE_MERGED_REF,
agent/c04-r01-focal-preflight,964fb12d44ae9eeab3a5644a5b934c5ea2f50886,2026-08-12 23:43:12 +0800,govern Baojiajie licensed portrait assets as locked sources,SAFE_DELETE_MERGED_REF,
agent/c04-ws07a-runtime,8713d2f32afd15dc110296dc30f62f3904082ce9,2026-08-12 00:02:29 +0800,Merge pull request #49 from Jiaosong/agent/c04-ws07a-runtime,SAFE_DELETE_MERGED_REF,
agent/deploy-oleander-pages,6c1904722386b5b23ef6760c19a8e7ea8e588703,2026-07-25 09:34:38 +0800,Deploy Oleander website with GitHub Pages,SAFE_DELETE_MERGED_REF,
agent/execution-contract-layer-v0-1,07e0ea686d73f4d174f3d65cf497abeef05db495,2026-08-18 13:19:56 +0800,Promote execution contract layer v0.1 to current,SAFE_DELETE_MERGED_REF,
agent/governance-c04-control-card-readback-20260829-0302,7331ff228d6146ff07d088adf28af79a5b53248e,2026-08-29 03:06:08 +0800,Governance: refresh C04 control card from current PR #353 readback,SAFE_DELETE_MERGED_REF,
agent/governance-c04-priority-control-card-20260829,32931b635e4b827640bfc119c26237ef83dba8ba,2026-08-29 00:19:01 +0800,governance: add C04 current project control card,SAFE_DELETE_MERGED_REF,
agent/governance-sync-contract-v1-1-20260815,055b05dc217797712286166ae777348cb00dd861,2026-08-15 09:37:15 +0800,C04: enforce dual quality gate and retro-crit QJ-D visual sprint,SAFE_DELETE_MERGED_REF,
agent/modeling-worker-v0-12-freeform-surface,06bfcc3360fa980ce1c06023e090c87a6b307e17,2026-08-13 21:45:29 +0800,Integrate latest main governance into Modeling Worker v0.12 candidate,SAFE_DELETE_MERGED_REF,
agent/notion-to-github-execution-owner,b06911004be96d0e7d2cebcc6d4aa1e5c756713c,2026-08-18 11:22:30 +0800,Wire execution owner map into runtime index,SAFE_DELETE_MERGED_REF,
agent/oleander-asset-consumption-closure-v1,e2f15b56c379ea19a205e37bb698d0cfe597c8c2,2026-08-19 17:17:28 +0800,OLEANDER: require Current image-consumption register states,SAFE_DELETE_MERGED_REF,
agent/oleander-asset-consumption-v1,78829b968deafd7949f167e9276d8c1533a5eb07,2026-08-19 17:11:38 +0800,OLEANDER: document image-consumption receipt extension,SAFE_DELETE_MERGED_REF,
agent/oleander-blender52-shared-runtime,d1ea2f1afcafba3ffd3a9df065b61b81c0607ecf,2026-08-11 11:11:42 +0800,Add OLEANDER Blender runtime contract workflow,SAFE_DELETE_MERGED_REF,
agent/oleander-image-consumption-receipt-v1,666e9b1ce66017db4abe35ac28120441b6223da9,2026-08-19 17:20:29 +0800,OLEANDER: record image-consumption governance closure receipt,SAFE_DELETE_MERGED_REF,
agent/oleander-motion-skill-v0.3-rebase,46ed1258cfeb9f7f50af41d9a502f098ef8e3531,2026-08-11 23:45:01 +0800,Rebase complete OLEANDER motion skill + atlas v0.3 onto current main,SAFE_DELETE_MERGED_REF,
agent/oleander-notion-canonical-knowledge-v01-20260911,ea1bbb1d3a34ac9e505f1bc80d0f24f3e089aacc,2026-09-12 13:44:45 +0800,docs(knowledge): record reader and academic migration,SAFE_DELETE_MERGED_REF,
agent/oleander-notion-d04-academic-20260912,808c46af75528f10a424295593cfd2edb9f28eaf,2026-09-12 14:03:21 +0800,docs(knowledge): record D04 academic migration,SAFE_DELETE_MERGED_REF,
agent/oleander-notion-d06-academic-20260912,760e681ecb174f19360fa4b6f6eeff5aadcd1b14,2026-09-12 14:13:23 +0800,docs(knowledge): record D06 academic migration,SAFE_DELETE_MERGED_REF,
agent/oleander-project-flow-v0-3,091a986707a0b50e53ac3e76391c7e5510e536fd,2026-08-11 23:53:37 +0800,Rebase PAP-safe Canonical Project Flow v0.3 onto current main,SAFE_DELETE_MERGED_REF,
agent/project-control-plane-v0-3-final,e027e8dcf8a2455c5aef778dc2826befc490a024,2026-08-13 09:40:03 +0800,Close Automotive v0.11 canonical cross-system receipt,SAFE_DELETE_MERGED_REF,
agent/project-control-plane-v0-3-finalized,e027e8dcf8a2455c5aef778dc2826befc490a024,2026-08-13 09:40:03 +0800,Close Automotive v0.11 canonical cross-system receipt,SAFE_DELETE_MERGED_REF,
agent/project-control-plane-v0-3-hardening,e027e8dcf8a2455c5aef778dc2826befc490a024,2026-08-13 09:40:03 +0800,Close Automotive v0.11 canonical cross-system receipt,SAFE_DELETE_MERGED_REF,
agent/project-control-plane-v0-3-hardening-final,e027e8dcf8a2455c5aef778dc2826befc490a024,2026-08-13 09:40:03 +0800,Close Automotive v0.11 canonical cross-system receipt,SAFE_DELETE_MERGED_REF,
agent/project-control-plane-v0-3-hardening-final-2,e027e8dcf8a2455c5aef778dc2826befc490a024,2026-08-13 09:40:03 +0800,Close Automotive v0.11 canonical cross-system receipt,SAFE_DELETE_MERGED_REF,
agent/project-control-plane-v0-3-hardening-live,e027e8dcf8a2455c5aef778dc2826befc490a024,2026-08-13 09:40:03 +0800,Close Automotive v0.11 canonical cross-system receipt,SAFE_DELETE_MERGED_REF,
agent/project-control-plane-v0-3-live,e027e8dcf8a2455c5aef778dc2826befc490a024,2026-08-13 09:40:03 +0800,Close Automotive v0.11 canonical cross-system receipt,SAFE_DELETE_MERGED_REF,
agent/project-control-plane-v0-3-schema-enforcement,e027e8dcf8a2455c5aef778dc2826befc490a024,2026-08-13 09:40:03 +0800,Close Automotive v0.11 canonical cross-system receipt,SAFE_DELETE_MERGED_REF,
agent/project-control-plane-v0-3-step2,e027e8dcf8a2455c5aef778dc2826befc490a024,2026-08-13 09:40:03 +0800,Close Automotive v0.11 canonical cross-system receipt,SAFE_DELETE_MERGED_REF,
agent/reference-source-router-capability-20260909,d0931c47ad0344ba717b76876e3dfada99b4ffbd,2026-09-09 10:22:39 +0800,fix(research): align aggregate capability contract,SAFE_DELETE_MERGED_REF,
agent/shared-image-processing-operator-layer,78575579d4aa95bd45780b69780a61e720aeb531,2026-08-18 11:59:41 +0800,OLEANDER visual layers: route image-processing operator standard,SAFE_DELETE_MERGED_REF,
agent/skill-runtime-closure-v1-2,c9e951f9fca5c8e14ddc89de376cc0c3544d2e29,2026-08-18 14:05:57 +0800,Allow empty derived-format lists in execution receipts,SAFE_DELETE_MERGED_REF,
agent/skill-runtime-drift-closure-v1-2,06f6f7bad6e0c2e2620af33f36c3bd1f0af4b3ac,2026-08-18 15:53:11 +0800,Use explicit no-blocker sentinel in closure receipt,SAFE_DELETE_MERGED_REF,
agent/skill-visual-effect-layers,13592af0022c8985c4dc8f85c7f1da2d4ac07070,2026-08-18 11:36:48 +0800,Route visual outputs through existing skill bindings,SAFE_DELETE_MERGED_REF,
agent/sticky-constraints-full-flow-drift-closure,16e2379e8155e2ff941b212628791dddd310244f,2026-08-18 16:13:07 +0800,Update resolver live drift mapping for sticky-constraint enforcement,SAFE_DELETE_MERGED_REF,
agent/sticky-constraints-full-flow-receipt-close,561bd74015b952fa942bbefb31f60b88cf86f682,2026-08-18 16:15:08 +0800,Close sticky-constraint full-flow execution receipt after live drift readback,SAFE_DELETE_MERGED_REF,
agent/sticky-constraints-full-flow-v1-3,cfdad8e10eb36355b607f9a9cf9ee1f64ed09b9b,2026-08-18 16:09:58 +0800,Preserve canonical receipt token in lock validator,SAFE_DELETE_MERGED_REF,
agent/sync-oleander-skills,10f7b54e4c383f6578f3c988294f16b9cf0ef813,2026-07-25 09:28:28 +0800,Add Daylily brand case study,SAFE_DELETE_MERGED_REF,
agent/timer-light-basin-v3-3-photography,d1b28b8d5b52f9f8a22c77ecf5f1a418d9e3bbf5,2026-08-07 16:07:37 +0800,docs(render): update practice README for v3.3 photography pipeline,SAFE_DELETE_MERGED_REF,
agent/timer-light-basin-v3-web,2536142253b4cae36fd54cb419d96325954ec333,2026-08-07 14:35:07 +0800,Add Timer Light Basin v3 web interactions,SAFE_DELETE_MERGED_REF,
agent/timer-v33-authority-gate-fix,36ef08a988c9ae636db510295f24597622a91b8d,2026-08-10 16:18:40 +0800,Merge latest main into Timer v3.3 authority gate fix,SAFE_DELETE_MERGED_REF,
agent/timer-v33-staging-gate-mainline,f899707d98a3aa0bffb04ae47c63790e8d0733af,2026-08-10 13:07:32 +0800,fix: harden Timer v3.3 staging gates,SAFE_DELETE_MERGED_REF,
automation/c04-b-lane-receipt-v0-1,6088584bc7a3c91b99feebbb2228ec7a58b426dd,2026-08-14 23:04:22 +0800,C04 B: add evidence-bound narrative/content lane receipt v0.1,SAFE_DELETE_MERGED_REF,
automation/c04-bexp-freshness-readback-20260815-1101,cb7cfb2107e4eae7a4f38e6530477108f11ac6d1,2026-08-15 11:03:38 +0800,C04: add B experience and D/C23 freshness checkpoint,SAFE_DELETE_MERGED_REF,
automation/c04-c-owner-readback-v2-1,90b2a13dc32e7e49acdf06c35031a83c7e3931e3,2026-08-14 23:23:12 +0800,C04 C20: owner revision readback after B/D/E/F closure,SAFE_DELETE_MERGED_REF,
automation/c04-d-state-contract-v0-1,f8cfb70abd0f08078fcbf87003e89e4afb8eac6d,2026-08-14 23:10:16 +0800,C04 D: confirm C19 state and evidence styling contract,SAFE_DELETE_MERGED_REF,
automation/c04-e-state-off-contract-v0-1,4f878ec4ef5011a8bd4bf5de07fdc6170ffa058c,2026-08-14 23:12:45 +0800,C04 E: confirm degraded/offline and Digital-OFF contract,SAFE_DELETE_MERGED_REF,
automation/c04-f-main-readback-close-v1,cff4e27ecde0f1145764c9fd3c3b89d5a05cd5d4,2026-08-14 23:21:35 +0800,C04 F: validate post-merge readback closure,SAFE_DELETE_MERGED_REF,
c01/node-prototype-v0.1-a-rebase-20260811,1a03de0ced09329adb775763bb287ac744b60f22,2026-08-11 23:01:43 +0800,Rebase C01 node prototype v0.1-A onto current main,SAFE_DELETE_MERGED_REF,
c01/prototype-v01-bcd-rebase-20260811,a359b214a325f54876b064c7d3e612221122d46f,2026-08-11 23:29:50 +0800,Rebase C01 v0.1-B/C/D records onto v1.19 current main,SAFE_DELETE_MERGED_REF,
c04-ch14-p01-p02-lock,7d7a1f8e6ec848014d9134b376720288d3f92c73,2026-08-19 08:45:07 +0800,C04 CH14 P03–P07｜lock current brand system pages,SAFE_DELETE_MERGED_REF,
c04-j04-decision-priority-v11,6bf7cce53b2479e64d01a4b3ffdae05010e27f05,2026-09-09 18:03:25 +0800,feat: execute bounded CAD direct face edit through existing sidecar,SAFE_DELETE_MERGED_REF,
c04-p02-body-boundary-v10,1299ef06aa72bd9aa0b80e15a1c02be908998ad4,2026-09-09 19:56:20 +0800,P9: run bounded runtime interleaving soak,SAFE_DELETE_MERGED_REF,
c04-p02-body-interface-v14,3d72a1a5e6f66da158f1fcd5b7271fa79590c332,2026-09-10 00:30:41 +0800,Repair ordinary-Chat visual production wiring,SAFE_DELETE_MERGED_REF,
c04-qingfengyin-wait-wind-v11,fbbe074bce7a3c73b2505e8541aa74b7b25d7748,2026-09-09 16:08:30 +0800,Validate P3 continuation execution cycle,SAFE_DELETE_MERGED_REF,
c04-r06-lineweight-v11,2992ef8f8449f1f95ae46409687466a05895f3e8,2026-09-09 15:19:58 +0800,Compile known-failure recurrence and surface reliability decisions,SAFE_DELETE_MERGED_REF,
c04/a-remote-evidence-analysis-20260815,b71c422373db6dbaec2ce0d5a0349a416f7337ac,2026-08-15 12:38:56 +0800,C04 A: add visual design crit receipt,SAFE_DELETE_MERGED_REF,
c04/ch07-p01-image-reservation-v04-20260819,6a90472f2c83233561e20a91b90c5365b7bf564c,2026-08-19 23:47:58 +0800,C04 CH07: document P01 image reservation,SAFE_DELETE_MERGED_REF,
c04/ch07-p02-p03-image-reservation-v04-20260819,cdaeda6d82d704a9487e34894d0b31faa41a22e9,2026-08-19 23:54:40 +0800,C04 CH07: document P02/P03 image reservations,SAFE_DELETE_MERGED_REF,
c04/ch09-p01-ar12-redo-v1-2-20260819,04604b3a92c6fffab4365097c3dd65bdf7c05581,2026-08-19 15:20:06 +0800,revert accidental placeholder file,SAFE_DELETE_MERGED_REF,
c04/model-fluid-rest-v1-1-20260817,e4a12c9fcf8a643dd071d8ef86c2e3edbbcc2a0e,2026-08-16 19:34:14 +0800,mark independent design verdict policy active,SAFE_DELETE_MERGED_REF,
c04/original-design-integration-v1-20260819,b20578e34cf48d00c2531eac4c12dda3ee1ca7f4,2026-08-19 09:46:12 +0800,C04: point organization current to v1.2.2 integration,SAFE_DELETE_MERGED_REF,
c04/original-design-source-reconciliation-20260819,036085c47341ffb35337db0c50b9d10bd36793c7,2026-08-19 09:36:42 +0800,C04: advance organization pointer to v1.2.1 source precedence correction,SAFE_DELETE_MERGED_REF,
c04/permanent-design-invariants-20260816,184291049c4864a3cbee1e8ac4a305169423367b,2026-08-16 18:11:11 +0800,C04: add machine-readable Design Invariants,SAFE_DELETE_MERGED_REF,
c04/project-organization-20260817,d74de8ea38b218e246d8f9cc1b58ba35e4cf9223,2026-08-17 10:40:46 +0800,C04: reconcile open PR lineage with later GitHub annotations,SAFE_DELETE_MERGED_REF,
c04/project-organization-v1-2-20260819,7845bf3414488c2bf99e5754280113bde01124cb,2026-08-19 09:18:52 +0800,C04 organization: add current organization pointer,SAFE_DELETE_MERGED_REF,
c04/qingjiang-project-alignment-20260811,99cd0f3f86dcc1f21cffc11b49e81dda63a81533,2026-08-11 16:52:50 +0800,fix(cocos4): use valid smoke scene uuid,SAFE_DELETE_MERGED_REF,
c04/r05-r06-scene-deepening-v1,2c8542f75b36dd656342b32eed2ff0bcb4af56a2,2026-08-16 15:06:03 +0800,C04 R05/R06: add source receipt,SAFE_DELETE_MERGED_REF,
design/c04-m01-journal-currentization-20260906,6fab0b8da07b31b1fe9cefd0406140f720fe4b71,2026-09-05 23:23:57 +0800,design(c04): repair P02 rail lean-rest relation,SAFE_DELETE_MERGED_REF,
design/c04-p01-body-feedback-repair,6fab0b8da07b31b1fe9cefd0406140f720fe4b71,2026-09-05 23:23:57 +0800,design(c04): repair P02 rail lean-rest relation,SAFE_DELETE_MERGED_REF,
design/c04-p02-relation-repair-20260905,20ff7ff003a7d4e90a025aba6932b7e1029db151,2026-09-05 17:07:38 +0800,governance: align C04 control card with current web head,SAFE_DELETE_MERGED_REF,
docs/github-showcase-readme,06f88a5569eee0013f0632c424d977a377013ece,2026-08-07 17:34:43 +0800,Reframe GitHub as personal design works and research showcase,SAFE_DELETE_MERGED_REF,
feat/oleander-blender-cad-direct-intent-bridge-v01-20260909,96c9ec890deb3c07555a27e058e9571c00fd699f,2026-09-09 10:58:55 +0800,docs(blender): align Current surface with CAD direct request bridge,SAFE_DELETE_MERGED_REF,
feat/oleander-blender-cad-direct-request-hardening-v01-20260909,2e12b1dc86f69f00e26a2ef7b4e084cbb4383959,2026-09-09 11:14:20 +0800,test(blender): bind strict CAD request hardening evidence,SAFE_DELETE_MERGED_REF,
feat/oleander-blender-cad-tangent-move-v01-20260910,ab1deb28c9d3ec6054eb953ce1a4d7de1a488dcd,2026-09-10 17:03:13 +0800,chore(blender): remove transient CAD tangent receipt runner,SAFE_DELETE_MERGED_REF,
feat/oleander-blender-direct-face-move-v01-20260909,401b22e713eaa84038ca52563a8ab134f6cb0106,2026-09-09 10:18:43 +0800,docs(blender): currentize bounded Direct Face interaction,SAFE_DELETE_MERGED_REF,
feat/oleander-blender-direct-tangent-move-v01-20260909,a691dc74f75f032a0a1edd18ceca0553fb1ec329,2026-09-10 00:17:40 +0800,docs(blender): align Direct Face v0.2 current boundary,SAFE_DELETE_MERGED_REF,
feat/oleander-blender-runtime-workbench,b5153d6a69031d0129ae12d778354405b79c1659,2026-09-07 23:52:44 +0800,governance: record merge-ready regression,SAFE_DELETE_MERGED_REF,
fix/oleander-blender-5-2-producer-preflight,ece2c793b0eb727abd466f6dff9dce6953c92b31,2026-09-06 23:53:39 +0800,sync: merge main into Blender 5.2 preflight repair,SAFE_DELETE_MERGED_REF,
fix/oleander-blender-current-alignment-20260909,1be9af3e048fc8bd65cf2a722218c39ff32e8477,2026-09-09 09:27:58 +0800,docs(blender): define shared environment and project profile boundary,SAFE_DELETE_MERGED_REF,
fix/oleander-blender-postmerge-governance-current-20260909,2bd0438b2058c202ae374213f5aace6c3263d00b,2026-09-09 10:05:49 +0800,docs(blender): bind historical governance checker name to Current authority,SAFE_DELETE_MERGED_REF,
governance/c04-control-card-pr353-closure-20260830,b25bea429f9f4b35784d8b7472ceaa56ca3017b2,2026-08-30 02:09:34 +0800,governance: close stale C04 predecessor handoff state,SAFE_DELETE_MERGED_REF,
governance/c04-frontier-readback-20260905-2105,20ff7ff003a7d4e90a025aba6932b7e1029db151,2026-09-05 17:07:38 +0800,governance: align C04 control card with current web head,SAFE_DELETE_MERGED_REF,
governance/c04-frontier-readback-20260906,6fab0b8da07b31b1fe9cefd0406140f720fe4b71,2026-09-05 23:23:57 +0800,design(c04): repair P02 rail lean-rest relation,SAFE_DELETE_MERGED_REF,
governance/c04-web-frontier-cutover-20260830,8ed196aaae613ee8189d07c4d5badcab6ce1ca6d,2026-08-30 01:50:34 +0800,governance: cut C04 Current producer pointer over to PR465,SAFE_DELETE_MERGED_REF,
governance/control-card-repo-scan-20260816,59ea98259e68cf858a69194269972713924b15c7,2026-08-16 15:33:36 +0800,run current Control Card scan on every governance CI,SAFE_DELETE_MERGED_REF,
governance/control-plane-no-loss-enforcement-20260816,2f95abfa1dabc9c8d848eadbbe8035c4c2bf08e3,2026-08-16 15:19:42 +0800,document global no-loss control-plane enforcement,SAFE_DELETE_MERGED_REF,
governance/control-plane-no-loss-readback-20260816,23881f7bd4d95adb7fc9356e22cd659de924fe32,2026-08-16 15:21:41 +0800,align control-plane entrypoint with no-loss enforcement,SAFE_DELETE_MERGED_REF,
governance/global-no-compression-no-loss-20260816,89a91c1f5c7a71ac5782709e05330104c425e155,2026-08-16 15:12:52 +0800,OLEANDER governance: align global policy activation state,SAFE_DELETE_MERGED_REF,
governance/no-loss-stored-card-compat-audit-20260816,663ad2dc0f39e6ee69b0a334771a1fe81d2ef019,2026-08-16 15:30:45 +0800,record no-loss stored Control Card compatibility audit,SAFE_DELETE_MERGED_REF,
governance/pixel-fidelity-20260817,8e6993c9332c2d6d0affaa5e88f27ccc73de06f0,2026-08-17 12:06:22 +0800,runtime: route reference materialization to canonical shared toolchain,SAFE_DELETE_MERGED_REF,
governance/refresh-c04-frontier-20260906,6fab0b8da07b31b1fe9cefd0406140f720fe4b71,2026-09-05 23:23:57 +0800,design(c04): repair P02 rail lean-rest relation,SAFE_DELETE_MERGED_REF,
governance/retroactive-persistence-audit-2026-08-11,4f9c909d07ee91e7a24d30eede284f997f6cae24,2026-08-11 15:09:33 +0800,governance: add machine-readable retro persistence audit index,SAFE_DELETE_MERGED_REF,
governance/sync-contract-v1-1,0f77e85dae207588f50d9727d0cf7b860b3537fb,2026-08-15 09:34:36 +0800,Bind F readback receipt into sync contract regression,SAFE_DELETE_MERGED_REF,
governance/sync-contract-v1-1-postmerge-receipt,2d8270872815b87a22289c8c68dd49cf71dc3e22,2026-08-15 09:37:14 +0800,Validate post-merge current sync state receipt,SAFE_DELETE_MERGED_REF,
modeling-worker-v0-12-canonical-review,b83419c6d34e4a16413fc8d79cd289981f24741a,2026-08-13 22:23:21 +0800,Merge pull request #91 from Jiaosong/agent/modeling-worker-v0-12-freeform-surface,SAFE_DELETE_MERGED_REF,
oleander-design-a02-family-verbs-20260907,ceb30a0adc0dd1f027d8c830c8128845285184be,2026-09-07 14:12:12 +0800,governance: align C04 control card to fresh Web head,SAFE_DELETE_MERGED_REF,
oleander-design-ch14-p04-role-in-context-20260909-r11,a2490daae27cb294657d55d0d4a89ed7867876c5,2026-09-08 04:12:24 +0800,governance: register exact Current carriers in anti-pollution guard,SAFE_DELETE_MERGED_REF,
oleander-design-ch14-p07-decision-hierarchy-20260909-r11,a2490daae27cb294657d55d0d4a89ed7867876c5,2026-09-08 04:12:24 +0800,governance: register exact Current carriers in anti-pollution guard,SAFE_DELETE_MERGED_REF,
oleander-design-ch14-p08-presence-20260907,85176cfdf1bb23dfc0547388d1e0831ca4db841b,2026-09-07 15:32:58 +0800,3d-skill: separate runtime project learning from historical Skill usage,SAFE_DELETE_MERGED_REF,
oleander-design-d04-runtime-semantic-sync-20260908-1727,a2490daae27cb294657d55d0d4a89ed7867876c5,2026-09-08 04:12:24 +0800,governance: register exact Current carriers in anti-pollution guard,SAFE_DELETE_MERGED_REF,
oleander-design-d04-runtime-sync-20260908-1425,a2490daae27cb294657d55d0d4a89ed7867876c5,2026-09-08 04:12:24 +0800,governance: register exact Current carriers in anti-pollution guard,SAFE_DELETE_MERGED_REF,
oleander-design-d04-runtime-sync-20260908-1523,a2490daae27cb294657d55d0d4a89ed7867876c5,2026-09-08 04:12:24 +0800,governance: register exact Current carriers in anti-pollution guard,SAFE_DELETE_MERGED_REF,
oleander-design-j03-cable-20260907,7393b01c2c743255261d2cf04bd8b49fc72c2049,2026-09-07 00:37:00 +0800,governance: restore design-process capability aggregate parity,SAFE_DELETE_MERGED_REF,
oleander-design-j04-topology-repair-20260908-r11,a2490daae27cb294657d55d0d4a89ed7867876c5,2026-09-08 04:12:24 +0800,governance: register exact Current carriers in anti-pollution guard,SAFE_DELETE_MERGED_REF,
oleander-design-j05-return-service-20260908-r12,a2490daae27cb294657d55d0d4a89ed7867876c5,2026-09-08 04:12:24 +0800,governance: register exact Current carriers in anti-pollution guard,SAFE_DELETE_MERGED_REF,
oleander-design-j06-no-phone-fallback-20260908-2127,a2490daae27cb294657d55d0d4a89ed7867876c5,2026-09-08 04:12:24 +0800,governance: register exact Current carriers in anti-pollution guard,SAFE_DELETE_MERGED_REF,
oleander-design-m01-paper-memory-20260909-r11,a2490daae27cb294657d55d0d4a89ed7867876c5,2026-09-08 04:12:24 +0800,governance: register exact Current carriers in anti-pollution guard,SAFE_DELETE_MERGED_REF,
oleander-design-p01-footfall-clearzone-20260907,3ff9b30f3711db47a714720c3e89fdd97bddb265,2026-09-07 04:29:15 +0800,design(c04): repair J04 topology and decision-point read,SAFE_DELETE_MERGED_REF,
oleander-design-p01-temporal-response-20260909-r11,a2490daae27cb294657d55d0d4a89ed7867876c5,2026-09-08 04:12:24 +0800,governance: register exact Current carriers in anti-pollution guard,SAFE_DELETE_MERGED_REF,
oleander-design-p02-assembly-service-20260908-r11,a2490daae27cb294657d55d0d4a89ed7867876c5,2026-09-08 04:12:24 +0800,governance: register exact Current carriers in anti-pollution guard,SAFE_DELETE_MERGED_REF,
oleander-design-r06-same-source-transfer-20260909-r11,aa311040c1825e61ee95479a57f7daa5f36bcfc8,2026-09-09 11:00:41 +0800,feat: bind CAD direct intent into governed sidecar request,SAFE_DELETE_MERGED_REF,
oleander-design-r07-dual-name-20260908-r11,2c7efe853fbbc8ec99b5074be9ca26f2b101a5d4,2026-09-08 00:03:36 +0800,governance: currentize Blender bounded absorption,SAFE_DELETE_MERGED_REF,
oleander/c04-current-register-control-repair-20260829,161571950009e8fbe61e514e26d01b02cd943c96,2026-08-29 22:34:36 +0800,C04: currentize protected register count semantics,SAFE_DELETE_MERGED_REF,
oleander/capability-gap-source-map-20260829,9b440099d44ec13582229449f3ae1508d5e32b08,2026-08-29 10:06:41 +0800,governance: add next capability gap/source map,SAFE_DELETE_MERGED_REF,
oleander/chat-resume-checkpoint-20260909,5508d812d50c6ff007ceff87744007874e4b90bb,2026-09-09 13:19:17 +0800,Align image-consumption validator with resolver 1.2.3,SAFE_DELETE_MERGED_REF,
oleander/chat-runtime-continuity-routing-loop-20260909,2761c1a4ab1f9333d9d9f8c5a3b2e1cbd2e2d446,2026-09-09 14:14:53 +0800,Track Resolver 1.2.4 in image-consumption validator,SAFE_DELETE_MERGED_REF,
oleander/cross-context-batch4-20260829,5be133f7212dabb605872bdf8d4d28be57da528e,2026-08-29 09:01:56 +0800,OLEANDER: link batch4 routing to cross-context evidence,SAFE_DELETE_MERGED_REF,
oleander/design-c04-p09-currentization-20260905,20ff7ff003a7d4e90a025aba6932b7e1029db151,2026-09-05 17:07:38 +0800,governance: align C04 control card with current web head,SAFE_DELETE_MERGED_REF,
oleander/dfm-gdt-metrology-digestion-20260829,3270398af2c52e10f24b686f69fb02484c6dbc07,2026-08-29 17:52:00 +0800,Merge latest main into DFM GD&T metrology digestion,SAFE_DELETE_MERGED_REF,
oleander/digest-external-skills-batch-20260828,d5c7e51faff4b1fb95a1ee89c8434b39a044d3ac,2026-08-28 19:46:28 +0800,evals: add regression cases for six external-skill digestions,SAFE_DELETE_MERGED_REF,
oleander/digest-external-skills-batch2-20260828,4581c6d4e6c66ded87d2362bd3bb80c3a29152dc,2026-08-28 20:02:33 +0800,skills: bind IA layout and accessible interaction extensions,SAFE_DELETE_MERGED_REF,
oleander/digest-external-skills-batch4-20260829,c1cd9f26ad9a074ab242b52c376303d5bb9c7e69,2026-08-29 08:37:39 +0800,OLEANDER: add batch4 external digestion golden cases,SAFE_DELETE_MERGED_REF,
oleander/digest-external-skills-round2-20260828,b9bfaec5832ae9658635d8272923c4afbcce78eb,2026-08-28 20:58:23 +0800,evals: add external digestion round 2 cases,SAFE_DELETE_MERGED_REF,
oleander/digest-personal-homepage-20260828,5acc4a61975a3ca7b26fe2d945aac9e6ce186ea6,2026-08-28 19:23:51 +0800,motion: add page-level orchestration extension,SAFE_DELETE_MERGED_REF,
oleander/evidence-reasoning-digestion-20260829,687c25232d54d2d1f50825835069a3d644696750,2026-08-29 10:33:20 +0800,evals: add evidence reasoning regression cases,SAFE_DELETE_MERGED_REF,
oleander/execution-integrity-20260830,6da1302cfc48497cf1e22f00a33016364a6f6f78,2026-08-30 01:15:02 +0800,ci: restore pinned checkout action while adding integrity gate,SAFE_DELETE_MERGED_REF,
oleander/field-survey-reality-capture-20260829,e0968bf85a7cce79c585744d5bc0d25dd10b2a4e,2026-08-29 18:18:36 +0800,eval: add reality-capture geometry handoff adversarial spec,SAFE_DELETE_MERGED_REF,
oleander/integrate-effect-system-20260830,e24be866bb5af8427c3139855949de88cc4b0d61,2026-08-30 00:15:35 +0800,Motion: keep central capability contract unchanged; route effect delta through binding,SAFE_DELETE_MERGED_REF,
oleander/openbim-ifc-ids-bcf-20260829,b1d5ac55762e6606eb99d4a192dcce534d717773,2026-08-29 21:42:04 +0800,OLEANDER: add IDS BCF closure adversarial eval,SAFE_DELETE_MERGED_REF,
oleander/physical-evidence-digestion-20260829,99d44618c764adaf6b7ed24674d824c07476e855,2026-08-29 10:53:46 +0800,OLEANDER: add physical evidence golden regressions,SAFE_DELETE_MERGED_REF,
oleander/physical-prototype-vv-execution-20260829,9ad3f71026f9d65a0ea139bea65240a128bdcd37,2026-08-29 18:02:57 +0800,Training: add SK-DES-013 prototype V&V adversarial eval,SAFE_DELETE_MERGED_REF,
oleander/process-existing-project-repair-20260830,611a2873fcfb6bfd039f283d4d0b2ce3d67b6be4,2026-08-30 00:56:28 +0800,process: route existing project repair extension,SAFE_DELETE_MERGED_REF,
oleander/reference-materialization-gate-20260817,b16606a87c346b792e8ed18d61bffb284519822d,2026-08-17 11:10:00 +0800,Document reference materialization gate activation,SAFE_DELETE_MERGED_REF,
oleander/visual-production-depth-20260910,c1016879f5e043d01ab99655f89b9f652f001966,2026-09-10 12:36:58 +0800,Repair visual quality convergence after repeated REVISE,SAFE_DELETE_MERGED_REF,
practice/2026-08-16-network-topology,72609aa4e9d0920d31cc7b652c9f08d2ec59871a,2026-08-16 22:04:51 +0800,practice: add topology-first revision SVG,SAFE_DELETE_MERGED_REF,
practice/2026-08-16-packaging-info-hierarchy,0422e52422f448fbf71c84aa566f0d0ef9de1c10,2026-08-16 23:05:34 +0800,practice: add packaging hierarchy revised output,SAFE_DELETE_MERGED_REF,
practice/2026-08-16-technical-drawing-lineweight,9605cf8d7b64448beabffba732b4aaeaffffe654,2026-08-16 19:04:42 +0800,practice: add hierarchical lineweight drawing,SAFE_DELETE_MERGED_REF,
practice/2026-08-17-cmf-role-allocation,bc05c9e7e4fd4ab5f09c2dd08e5b0abdf28f9a6c,2026-08-17 06:06:10 +0800,Practice: add role-bound CMF SVG,SAFE_DELETE_MERGED_REF,
practice/2026-08-17-earned-attention,0768036ca3058bd2df09349a9cd5e47c0a66dbd0,2026-08-17 04:07:21 +0800,practice: add after mobile static SVG,SAFE_DELETE_MERGED_REF,
practice/2026-08-17-planting-field-structure,a5677eacf2c88e089b536f9450ebb6460fa158fc,2026-08-17 08:00:09 +0800,practice: add planting field-structure study,SAFE_DELETE_MERGED_REF,
practice/2026-08-17-wayfinding-decision-hierarchy,4078eb0797054b2a147dd9b8a71eaa0e1504ab41,2026-08-17 01:02:37 +0800,practice: document wayfinding decision-priority candidate,SAFE_DELETE_MERGED_REF,
practice/grid-typography-dominant-field-20260816,15c25b2b17e99856b0316ffc45c26fb9b40f97e0,2026-08-16 20:09:11 +0800,practice: add dominant-field revision SVG,SAFE_DELETE_MERGED_REF,
practice/nasa-grid-reconstruction-20260817,ddef0d79486b940d2fcc6b243234ca152c4bf10a,2026-08-17 10:05:38 +0800,practice: add editable NASA grid reconstruction SVG,SAFE_DELETE_MERGED_REF,
practice/sp01-r02-gis-pap-rebase-20260811,64d99b3da05fe3ce9cbd707cd8ef1d1139780666,2026-08-11 23:13:21 +0800,Record SP01 PAP rescue in machine evidence snapshot,SAFE_DELETE_MERGED_REF,
repair/control-plane-v0-3-1-session-runtime,c584779862de244d18cfec6d46e3f0d638b7a08d,2026-08-13 22:58:37 +0800,Finalize v0.12 canonical sync scan receipt,SAFE_DELETE_MERGED_REF,
skills/game-ui-stack-v0-1,ca147a95d27eb99db9e76bb81e516bb3cba9253c,2026-08-17 15:09:40 +0800,OLEANDER: add game UI specialist skill stack v0.1,SAFE_DELETE_MERGED_REF,
skills/oleander-motion-v02-rebase-20260811,62760417200d48a7ba63a9a88db7f436134a9408,2026-08-11 23:37:00 +0800,Rebase OLEANDER motion skill v0.2 onto current final mainline,SAFE_DELETE_MERGED_REF,
sync/candidate-main-20260906,ef9a56c9965e917cb5283abba4d8393c712ad2d9,2026-09-06 21:26:55 +0800,C04 J02: currentize boat carrier for low-attention visitor use,SAFE_DELETE_MERGED_REF,
sync/candidate-main-20260906b,ef9a56c9965e917cb5283abba4d8393c712ad2d9,2026-09-06 21:26:55 +0800,C04 J02: currentize boat carrier for low-attention visitor use,SAFE_DELETE_MERGED_REF,
sync/candidate-main-20260907,ceb30a0adc0dd1f027d8c830c8128845285184be,2026-09-07 14:12:12 +0800,governance: align C04 control card to fresh Web head,SAFE_DELETE_MERGED_REF,
sync/candidate-main-20260907b,85176cfdf1bb23dfc0547388d1e0831ca4db841b,2026-09-07 15:32:58 +0800,3d-skill: separate runtime project learning from historical Skill usage,SAFE_DELETE_MERGED_REF,
sync/candidate-preflight-main-20260906,e57e8442921f4c585e4187eb351234fb19fba8c5,2026-09-07 00:05:59 +0800,Merge PR #484: Blender 5.2 producer preflight,SAFE_DELETE_MERGED_REF,
sync/preflight-main-20260906,ef9a56c9965e917cb5283abba4d8393c712ad2d9,2026-09-06 21:26:55 +0800,C04 J02: currentize boat carrier for low-attention visitor use,SAFE_DELETE_MERGED_REF,
sync/preflight-main-20260906b,ef9a56c9965e917cb5283abba4d8393c712ad2d9,2026-09-06 21:26:55 +0800,C04 J02: currentize boat carrier for low-attention visitor use,SAFE_DELETE_MERGED_REF,
sync/preflight-main-20260906c,ef9a56c9965e917cb5283abba4d8393c712ad2d9,2026-09-06 21:26:55 +0800,C04 J02: currentize boat carrier for low-attention visitor use,SAFE_DELETE_MERGED_REF,
tmp/noop,13d9e4aa39bfddb0b0a26adc9dcbc575ec621cbc,2026-09-05 08:47:30 +0800,governance: sync canonical anti-pollution policy with consolidation throttle,SAFE_DELETE_MERGED_REF,
validation/c01-adult-pilot-scope-sync-20260907,85176cfdf1bb23dfc0547388d1e0831ca4db841b,2026-09-07 15:32:58 +0800,3d-skill: separate runtime project learning from historical Skill usage,SAFE_DELETE_MERGED_REF,
validation/c01-r03-input-integrity-20260907,3ff9b30f3711db47a714720c3e89fdd97bddb265,2026-09-07 04:29:15 +0800,design(c04): repair J04 topology and decision-point read,SAFE_DELETE_MERGED_REF,
validation/c01-r03-input-integrity-20260907b,3ff9b30f3711db47a714720c3e89fdd97bddb265,2026-09-07 04:29:15 +0800,design(c04): repair J04 topology and decision-point read,SAFE_DELETE_MERGED_REF,
validation/c01-r03-integrity-fix-20260907-1536,85176cfdf1bb23dfc0547388d1e0831ca4db841b,2026-09-07 15:32:58 +0800,3d-skill: separate runtime project learning from historical Skill usage,SAFE_DELETE_MERGED_REF,
validation/c01-r03-reliability-input-integrity,e119f1d453acb755c69e5f0801cc96321a354c35,2026-09-06 13:04:30 +0800,governance: refresh C04 PR465 current head in global queue,SAFE_DELETE_MERGED_REF,
validation/c01-r03-reliability-integrity-20260906,ee142fa4eff5dcacc5c10cb42dde62abc37dd2d2,2026-09-06 07:24:57 +0800,design(c04): repair P01 scene-fit and footfall relation,SAFE_DELETE_MERGED_REF,
validation/c04-app-map-v1-2-20260909,a2490daae27cb294657d55d0d4a89ed7867876c5,2026-09-08 04:12:24 +0800,governance: register exact Current carriers in anti-pollution guard,SAFE_DELETE_MERGED_REF,
validation/c04-j02-independent-readback-20260908,a2490daae27cb294657d55d0d4a89ed7867876c5,2026-09-08 04:12:24 +0800,governance: register exact Current carriers in anti-pollution guard,SAFE_DELETE_MERGED_REF,
validation/c04-j04-route03-source-return-20260907,8f3c7e0fe1d6506bca7ed26f16df66b198f11385,2026-09-07 02:27:40 +0800,design(c04): add J04 branching walk native carrier,SAFE_DELETE_MERGED_REF,
xj01/r02-cmf-v118-migration-20260811,9bbc564ffa32a2fedef4858523ffb5b30da5a5a3,2026-08-11 23:06:18 +0800,Add v1.18-bound machine record for XJ01 R02 CMF decisions,SAFE_DELETE_MERGED_REF,
agent/oleander-execution-surface-readback-20260912,153b73936533587e6a5df50ed512899180896020,2026-09-12 14:28:26 +0800,governance(runtime): bind local MCP readback to shared execution surfaces,PROTECTED_MERGED_REF,ACTIVE_WORKTREE
skills/game-ui-stack-v0-1-clean,ca147a95d27eb99db9e76bb81e516bb3cba9253c,2026-08-17 15:09:40 +0800,OLEANDER: add game UI specialist skill stack v0.1,PROTECTED_MERGED_REF,OPEN_PR_BASE
