object_id,system,name,current_merged_pointer,concept_state,presentation_state,truth_state,latest_candidate,owner_next_delta,downstream_note
J01,JOURNEY,Arrival_Service,C04_EXISTING_DESIGN_ASSET_ATLAS_v1.0,KEEP,REDRAW_MAIN_CANDIDATE,FIELD_OPEN,,Journey/Service,Web/F consume only
J02,JOURNEY,BOAT_Water_View,C04_EXISTING_DESIGN_ASSET_ATLAS_v1.0,KEEP,NOT_YET_SHOWN_STRONGLY,RELATIONAL_SOURCE_ONLY,,Journey/Service,Do not invent live operation
J03,JOURNEY,CABLE_Aerial_View,C04_EXISTING_DESIGN_ASSET_ATLAS_v1.0,KEEP,MAIN_CANDIDATE,RELATIONAL_SOURCE_ONLY,,Journey/Service,Moving view first
J04,JOURNEY,WALK_Mountain_Network,C04_EXISTING_DESIGN_ASSET_ATLAS_v1.0,KEEP,MAIN_CANDIDATE,RELATIONAL_NOT_SURVEY,,Journey/Service,Branching-loop network
J05,RETURN,Return_Retreat,C04_EXISTING_DESIGN_ASSET_ATLAS_v1.0,KEEP,MAIN_CANDIDATE,FIELD_OPEN,,Return,Independent layer
J06,SERVICE,No_Phone_Fallback,C04_EXISTING_DESIGN_ASSET_ATLAS_v1.0,KEEP,SUPPORT_TO_MAIN,FIELD_OPEN,,Service,Paper-signage-human service
R01,13_IMPRINTS,红岩嘴,C04_R01-R13_CANONICAL_SCENE_REGISTER_v1.0,KEEP,MAIN_SUPPORT,SOURCE_GROUNDED_FIELD_OPEN,,Scene/Content,No forced UI
R02,13_IMPRINTS,华中第一藤,C04_R01-R13_CANONICAL_SCENE_REGISTER_v1.0,KEEP_EVIDENCE_OPEN,CURRENTIZE,EXPERT_OPEN,,Scene/Content,Species-age open
R03,13_IMPRINTS,铁券天书,C04_R01-R13_CANONICAL_SCENE_REGISTER_v1.0,KEEP,CURRENTIZE,GEOLOGY_SOURCE_GATE,,Scene/Content,No invented geology
R04,13_IMPRINTS,母子相望_母子峰,C04_R01-R13_CANONICAL_SCENE_REGISTER_v1.0,KEEP,CURRENTIZE,NARRATIVE_FACT_SEPARATE,,Scene/Content,Name/form only
R05,13_IMPRINTS,红花石林,C04_R01-R13_CANONICAL_SCENE_REGISTER_v1.0,KEEP,MAIN_CANDIDATE,LANDSCAPE_PIXEL_HOLD,PR#133,Scene/Content,Official Honghua source pixel still gap
R06,13_IMPRINTS,多级阶地_不对称河谷,C04_R01-R13_CANONICAL_SCENE_REGISTER_v1.0,KEEP,MAIN,FIELD_EXPERT_OPEN,PR#133|PR#145,Scene/Content,Landscape first + optional proof
R07,13_IMPRINTS,仓禀峰_仓廪峰,C04_R01-R13_CANONICAL_SCENE_REGISTER_v1.0,KEEP_NAME_OPEN,MAIN_SUPPORT,NAME_OPEN,,Scene/Content,Preserve dual spelling
R08,13_IMPRINTS,文山天书,C04_R01-R13_CANONICAL_SCENE_REGISTER_v1.0,KEEP,CURRENTIZE,GEOLOGY_OPEN,,Scene/Content,No unverified lithology
R09,13_IMPRINTS,盐水女神峰,C04_R01-R13_CANONICAL_SCENE_REGISTER_v1.0,KEEP,MAIN_CANDIDATE,STORY_NOT_SITE_PROOF,,Scene/Content,Local story
R10,13_IMPRINTS,绝壁天书,C04_R01-R13_CANONICAL_SCENE_REGISTER_v1.0,KEEP,CURRENTIZE,GEOLOGY_OPEN,,Scene/Content,Texture observation
R11,13_IMPRINTS,金石为开,C04_R01-R13_CANONICAL_SCENE_REGISTER_v1.0,KEEP,CURRENTIZE,FIELD_OPEN,,Scene/Content,Body-fissure relation
R12,13_IMPRINTS,廪君峰,C04_R01-R13_CANONICAL_SCENE_REGISTER_v1.0,KEEP,MAIN_CANDIDATE,STORY_SITE_EQUIVALENCE_PROHIBITED,,Scene/Content,Culture view
R13,13_IMPRINTS,一线天,C04_R01-R13_CANONICAL_SCENE_REGISTER_v1.0,KEEP,MAIN,SOURCE_GROUNDED_FIELD_SAFETY_OPEN,PR#145,Scene/Content,Passage first / Return
D01,DIGITAL,C04_Digital_UI_Detail_System_v0.6,C04_EXISTING_DESIGN_ASSET_ATLAS_v1.0,KEEP_CURRENTIZE,REDRAW_MAIN_CANDIDATE,BEHAVIOR_BOUNDARY_OPEN,PR#140|PR#144|PR#162,USER_OWNED_NEXT,Do not redesign in organization/Web lanes
D02,DIGITAL,QJE_Portable_Prototype,C04_EXISTING_DESIGN_ASSET_ATLAS_v1.0,KEEP,SUPPORT_TO_MAIN_AFTER_VISUAL,PROTOTYPE_NOT_FIELD,PR#111,USER_OWNED_NEXT,Behavior proof only
D03,DIGITAL,TODAY,C04_EXISTING_DESIGN_ASSET_ATLAS_v1.0,KEEP,MAIN_CANDIDATE,NO_PSEUDO_LIVE,PR#162,USER_OWNED_NEXT,App latest candidate snapshot
D04,DIGITAL,ROUTE_Game_Map,C04_EXISTING_DESIGN_ASSET_ATLAS_v1.0,KEEP_UPGRADE,MAIN_REQUIRED,RELATIONAL_NOT_SURVEY,PR#144|PR#162,USER_OWNED_NEXT,No task-gated navigation
D05,DIGITAL,READ_REVEAL,C04_EXISTING_DESIGN_ASSET_ATLAS_v1.0,KEEP,MAIN_CANDIDATE,SCENE_EVIDENCE_OPEN,PR#162,USER_OWNED_NEXT,Optional reading
D06,DIGITAL,MY_BOOK,C04_EXISTING_DESIGN_ASSET_ATLAS_v1.0,KEEP_UPGRADE,MAIN_REQUIRED,NO_COMPLETION_SCORE,PR#153|PR#162,USER_OWNED_NEXT,Digital memory hero
D07,DIGITAL,SERVICE_RETURN,C04_EXISTING_DESIGN_ASSET_ATLAS_v1.0,KEEP,MAIN_CANDIDATE,FAIL_CLOSED_BEHAVIOR,PR#162,USER_OWNED_NEXT,Always accessible
D08,DIGITAL,Digital_Silence_Offline,C04_EXISTING_DESIGN_ASSET_ATLAS_v1.0,KEEP,SUPPORT,PROTOTYPE_BEHAVIOR,,USER_OWNED_NEXT,Not public chapter
D09,DIGITAL,Reality_Delivery_State_Model,C04_EXISTING_DESIGN_ASSET_ATLAS_v1.0,KEEP,PROCESS_SUPPORT,PROCESS_NOT_FIELD,,Digital behavior support,Do not dominate public story
D10,DIGITAL,Finale_Optional_Share,C04_EXISTING_DESIGN_ASSET_ATLAS_v1.0,KEEP_REVISE_UI,MAIN_VIA_MEMORY,NO_SCORE,,USER_OWNED_NEXT,After journey only
P01,PHYSICAL,步步生光,C04_EXISTING_DESIGN_ASSET_ATLAS_v1.0,KEEP_PRIMARY_CANDIDATE,MAIN_REQUIRED,FIELD_TECH_OPEN,PR#143,Physical/Product,Scene fit + technical proof required
P02,PHYSICAL,栏杆式可拆卸倚靠休息板,C04_EXISTING_DESIGN_ASSET_ATLAS_v1.0,KEEP,MAIN_SUPPORT,FIELD_LOAD_ATTACHMENT_OPEN,PR#143|PR#159,Physical/Product,Short recovery support
P03,PHYSICAL,山体流体休憩装置_v1,C04_EXISTING_DESIGN_ASSET_ATLAS_v1.0,COMPETE_CONDITIONAL,REDRAW_SUPPORT,FIELD_SITE_ENGINEERING_OPEN,PR#151|PR#159,Physical/Product,Design identity separate from model/public board
P04,PHYSICAL,山体流体休憩装置_v2,C04_EXISTING_DESIGN_ASSET_ATLAS_v1.0,COMPETE_WITH_P03,PROCESS_SUPPORT,FIELD_SITE_ENGINEERING_OPEN,PR#151,Physical/Product,Do not show as equal second final
P05,PHYSICAL,清风吟,C04_EXISTING_DESIGN_ASSET_ATLAS_v1.0,KEEP_REDUCE,MAIN_SUPPORT_CANDIDATE,FIELD_MOUNTING_ECOLOGY_OPEN,PR#152|PR#159,Physical/Sensory,Low-density sensory secondary
P06,TECHNICAL,F01_technical_descendant,C04_EXISTING_DESIGN_ASSET_ATLAS_v1.0,KEEP_TECH_PROOF,SUPPORT_TECH_MAIN,FIELD_ENGINEERING_OPEN,PR#143,Technical,Does not replace Physical universe
P07,TECHNICAL,F02_optional_reading,C04_EXISTING_DESIGN_ASSET_ATLAS_v1.0,KEEP_CONDITIONAL,SUPPORT,FIELD_PLACEMENT_OPEN,,Technical/Service,Avoid signage proliferation
P08,TECHNICAL,F03_return_recognition,C04_EXISTING_DESIGN_ASSET_ATLAS_v1.0,KEEP_CONDITIONAL,SUPPORT_TO_MAIN,FIELD_PLACEMENT_OPEN,,Return/Service,Recognition support
P09,PHYSICAL_PAPER,F04_map_travel_note,C04_EXISTING_DESIGN_ASSET_ATLAS_v1.0,KEEP,MAIN_CANDIDATE,PROTOTYPE_FIELD_OPEN,,Physical/Memory,Bridge map + journal
M01,MEMORY,清江旅记,C04_EXISTING_DESIGN_ASSET_ATLAS_v1.0,KEEP_MEMORY_HERO,MAIN_REQUIRED,PROTOTYPE_NOT_PRINT_PRODUCTION,PR#143|PR#153,Memory/IP,Physical memory hero
M02,MEMORY_DIGITAL,我的石书,C04_EXISTING_DESIGN_ASSET_ATLAS_v1.0,KEEP_DIGITAL_MEMORY_HERO,MAIN_REQUIRED,NO_LIVE_SYNC_CLAIM,PR#143|PR#153|PR#162,USER_OWNED_NEXT,App-side next edit user-owned
M03,MEMORY_PRODUCT,清江一线,C04_EXISTING_DESIGN_ASSET_ATLAS_v1.0,KEEP_OPTIONAL,REDRAW_SUPPORT,PRODUCT_OPEN,,Memory/IP,Original product authority
M04,MEMORY_PRODUCT,清江雾气,C04_EXISTING_DESIGN_ASSET_ATLAS_v1.0,KEEP_OPTIONAL,REDRAW_SUPPORT,NO_HEALTH_CLAIM,,Memory/IP,Sensory memory
M05,MEMORY_PRODUCT,清风吟简易礼装,C04_EXISTING_DESIGN_ASSET_ATLAS_v1.0,KEEP_OPTIONAL,SUPPORT,PRODUCT_OPEN,PR#152,Memory/IP,Distinct from spatial installation
M06,IP,红花峰崽,C04_EXISTING_DESIGN_ASSET_ATLAS_v1.0,KEEP_OPTIONAL_FAMILY,MAIN_IN_FAMILY_SCENE,CONTENT_OPEN,,Memory/IP,Not mission master
A01,AUDIENCE,A1_A6_Experience_Modes,C04_EXISTING_DESIGN_ASSET_ATLAS_v1.0,KEEP,SUPPORT_TO_SCENE_MAIN,PROCESS_NOT_PERSONA,PR#155,Audience,Actions not persona cards
A02,INTERACTION,Family_Observation_Verbs,C04_EXISTING_DESIGN_ASSET_ATLAS_v1.0,KEEP,MAIN_IN_SCENES,DESIGN_MECHANICS,,Scene/Audience,LOOK COMPARE TRACE LISTEN WAIT FRAME STEP REMEMBER
A03,ACCESSIBILITY,Accessibility_Overlays,C04_EXISTING_DESIGN_ASSET_ATLAS_v1.0,KEEP,SUPPORT_SERVICE_PROOF,FIELD_ACCESSIBILITY_OPEN,,Audience/Service,Translate to real decisions
A04,CONTEXT,Time_Fatigue_Network_Weather_Overlays,C04_EXISTING_DESIGN_ASSET_ATLAS_v1.0,KEEP,PROCESS_SCENE_BEHAVIOR,NO_PSEUDO_LIVE,,Scene behavior,Context not persona
T01,SPATIAL,C22_Masterplan_Route,C04_EXISTING_DESIGN_ASSET_ATLAS_v1.0,KEEP,SUPPORT_TECH_MAIN,RELATIONAL_NOT_SURVEY,,Technical,Spatial proof only
T02,TECHNICAL,C23_v4_12_Sheets,C04_EXISTING_DESIGN_ASSET_ATLAS_v1.0,KEEP_VALIDATION_SUBSET,SUPPORT_TECH_MAIN,VALIDATION_SUBSET_FIELD_OPEN,,Technical,Not whole project
T03,MODEL,Hero_Clay,C04_EXISTING_DESIGN_ASSET_ATLAS_v1.0,KEEP_IF_CLEARER,SUPPORT_MAIN_CANDIDATE,CONCEPT_MODEL,,Model,Real landscape outranks
T04,MODEL,SEC_A,C04_EXISTING_DESIGN_ASSET_ATLAS_v1.0,KEEP,MAIN_TECH_CANDIDATE,CONCEPT_SECTION_NOT_FIELD,,Model/Technical,Strongest section candidate
T05,MODEL,Overall_Axon,C04_EXISTING_DESIGN_ASSET_ATLAS_v1.0,KEEP,SUPPORT,CONCEPT_MODEL,,Model,No grey-model takeover
T06,MODEL,R06_Node,C04_EXISTING_DESIGN_ASSET_ATLAS_v1.0,KEEP,MAIN_TECH_WITH_R06,CONCEPT_NTS_FIELD_OPEN,,Model/Technical,Pair feeling + how it works
V01,VISUAL,QJD_Hero,C04_EXISTING_DESIGN_ASSET_ATLAS_v1.0,KEEP,MAIN,SOURCE_GROUNDED_REMOTE,,Visual,Protect specificity
V02,VISUAL,Evidence_to_Design_Network,C04_EXISTING_DESIGN_ASSET_ATLAS_v1.0,KEEP,SUPPORT_MAIN,EVIDENCE_RELATION,,Visual,Do not dominate project
V03,VISUAL,R06_Two_Stage,C04_EXISTING_DESIGN_ASSET_ATLAS_v1.0,KEEP,MAIN,SOURCE_GROUNDED_FIELD_OPEN,PR#145,Visual,Landscape then explanation
V04,VISUAL,R13_Four_Frame,C04_EXISTING_DESIGN_ASSET_ATLAS_v1.0,KEEP_WITH_LABEL,MAIN_SUPPORT,REMOTE_CONCEPT_NOT_SITE_PHOTO,PR#145,Visual,Truth label required
V05,VISUAL,Return_UNKNOWN_CLOSED,C04_EXISTING_DESIGN_ASSET_ATLAS_v1.0,KEEP_VISUAL_UPGRADE,MAIN_CANDIDATE,DEMO_STATE_NOT_LIVE,,Visual/Return,Raise visual maturity
V06,MOTION,D_F_86s_Lineage,C04_EXISTING_DESIGN_ASSET_ATLAS_v1.0,KEEP_STRUCTURE_REEDIT,REVISE,REMOTE_RESEARCH_DISPLAY,PR#164,Motion,Downstream edit does not redefine source
N01,NARRATIVE,Three_Axis_Reframe,C04_NARRATIVE_REFRAME_3AXIS_v1.0,KEEP,CURRENT_EDITORIAL,REMOTE_RESEARCH,PR#128,Narrative,Culture visual candidate separate
N02,NARRATIVE,Public_Narrative_v1.8,C04-B_PUBLIC-NARRATIVE-AUTHORITY_v1.8,KEEP,CURRENT_EDITORIAL,REMOTE_RESEARCH,PR#128,Narrative,Concrete visitor language
F01,DELIVERY,REV04_Web,C04_EXISTING_DESIGN_ASSET_ATLAS_v1.0,KEEP_PROVENANCE_REBUILD,REDRAW,DOWNSTREAM_CARRIER,PR#127|PR#163|PR#164,SEPARATE_WEB_LANE,Does not define project
F02,DELIVERY,REV04_A1_Boards,C04_EXISTING_DESIGN_ASSET_ATLAS_v1.0,KEEP_PROVENANCE_REEDIT,REVISE,DOWNSTREAM_CARRIER,PR#114,F/Delivery,Does not define project
F03,DELIVERY,REV04_Film,C04_EXISTING_DESIGN_ASSET_ATLAS_v1.0,KEEP_PROVENANCE_REEDIT,REVISE,DOWNSTREAM_CARRIER,PR#114|PR#164,Motion/Delivery,Does not define project
S01,SOURCE,恩施原始资料包,C04_EXISTING_DESIGN_ASSET_ATLAS_v1.0,CONTENT_SOURCE,PROCESS,SOURCE_NOT_FIELD_AUTHORITY,,Evidence/Source,Does not override field authority
S02,SOURCE,Culture_Content_Library,C04_EXISTING_DESIGN_ASSET_ATLAS_v1.0,CURRENT_SUPPORT,PROCESS,SOURCE_SUPPORT,PR#128,Narrative/Content,Convert to scenes
S03,SOURCE,Scene_Audience_Matrix,C04_EXISTING_DESIGN_ASSET_ATLAS_v1.0,CURRENT_SUPPORT,PROCESS,WORKING_DATA,PR#155,Audience,Not final design
S04,SOURCE,A_Evidence_Register,C04_EXISTING_DESIGN_ASSET_ATLAS_v1.0,CURRENT_SUPPORT,PROCESS,EVIDENCE_BOUNDARY,,Evidence,Source-grounded only
