source_id,source_type,title,publisher,source_date,accessed,url,internal_sha256,freshness,confidence,layer,supports,does_not_prove
SRC-A01,FIRST_PARTY_GUIDE,红花峰林景区手绘导览,恩施大清江风景区官网,2025-08-05,2026-08-15,https://www.esdqj.cn/,5aedfbc60c82bfd51eb807bec6dc0d16e7a22d1e137fbdc31fb17850f655483c,CURRENT-12M,HIGH / RELATION-LEVEL,FACT,两岸关系；跨江索道；南岸多分支/回环游步网络,测绘几何、微观路线顺序、距离、坡度、净宽、安全、容量
SRC-A02,FIRST_PARTY_GUIDE,红花峰林景区全景导览,恩施大清江风景区官网,2025-08-05,2026-08-15,https://www.esdqj.cn/,8d237321e197656f0a9e8e0ea8d042a1492691153f6325baf547d037572e9c4,CURRENT-12M,HIGH / RELATION-LEVEL,FACT,多分支/回环网络；宏观节点/设施关系,测绘几何、实地安全
SRC-A03,OFFICIAL_SCENIC,2025年恩施大清江景区旅游攻略,恩施大清江风景区官网,2025-04-27,2026-08-15,https://www.esdqj.cn/jdwf/85.html,,RECENT-16M,HIGH / OFFICIAL-PUBLISHED,FACT,云坛口码头、跨江索道、游步道、水陆结合；自驾/换乘船两类到达；官方“景区游览约3小时”；道路后段大弯道/大下坡,2026实时班次/票价、精确步行距离、坡度、安全、现场通行状态
SRC-A04,OFFICIAL_OPERATOR,正式开园！恩施大清江红花峰林景区开园迎客,恩施旅游集团,2023-07-17,2026-08-15,https://www.eslygroup.com/group_news/2827.html,,LEGACY-CONTEXT / PHYSICAL-SPEC,"HIGH / SPECS, CURRENT-OPS NOT CLAIMED",FACT,清江南岸；索道1056m；高差156m；最高6m/s；设计运载量2700人/小时；单线循环脱挂式八人吊厢,2026实际运行速度、实时运力、站房/游步道容量、当前营业时刻
SRC-A05,OFFICIAL_OPERATOR_2026,跨清江索道变身两岸乡亲“空中公交”,恩施旅游集团（转载极目新闻）,2026-02-20,2026-08-15,https://www.eslygroup.com/media_focus/4375.html,,CURRENT-6M,HIGH / CURRENT-CONTEXT,FACT,景区位于新塘乡与沙地乡交界；清江分隔保水溪村与柳池村；索道1056m/156m；2026居民日常交通功能,旅游客流容量、现场排队、游客/居民流线冲突的实际强度
SRC-A06,OFFICIAL_OPERATOR_2026,告别绕道，村民乘“空中公交”走亲戚,恩施旅游集团（转载恩施日报）,2026-02-13,2026-08-15,https://www.eslygroup.com/media_focus/4366.html,,CURRENT-6M,HIGH / CURRENT-CONTEXT,FACT,两岸居民交通；索道1056m/156m/最高6m/s/2700人每小时；丰水/汛期渡船可受影响,本设计步道安全、未来汛期状态、具体关闭阈值
SRC-A07,OFFICIAL_SCENIC,恩施大清江景区（官方介绍）,恩施大清江风景区官网,2025-06-22,2026-08-15,https://www.esdqj.cn/about/,,RECENT-14M,MED-HIGH / CORRIDOR-LEVEL,FACT,清江地域文化语境；官方季节性叙述：春百花、夏飞瀑、秋彩叶、冬雾雪,红花峰林微气候、物候时段、降雨/能见度数值、现场安全
INT-C22,CURRENT_MAIN_MACHINE_DATA,QJ_C_SPATIAL_DRAWING_DATA_v3.0.json,OLEANDER / C04,2026-08-15,2026-08-15,repo:05-cases/c04-qingjiang-stone-book/QJ-C22-SPATIAL-DRAWING/QJ_C_SPATIAL_DRAWING_DATA_v3.0.json,,CURRENT-MAIN,AUTHORITY / DERIVED-RELATION,DECISION,M0–M7宏观网络；A1/A2/A3与R01/R02/R05/R06/R07/R09/R12/R13关系级节点；限制条件,Field、Survey、Construction、Compliance
INT-C23,CURRENT_OWNER_RECEIPT,QJ-C23 Concept Development v4.0,OLEANDER / C04,2026-08-15,2026-08-15,repo:05-cases/c04-qingjiang-stone-book/QJ-C23-CONCEPT-DEVELOPMENT/,,CURRENT-MAIN,DESIGN-TEST AUTHORITY,DECISION,总时长推荐182 min；设计测试区间138–230 min；系统容量min()公式；C22关系不重绘,实测分段时长、实测坡度、真实系统容量、现场安全
